{
    "version": "0.4",
    "title": "About Us",
    "type": "page",
    "metadata": {
        "template_type": "single-page",
        "include_in_zip": "1",
        "elementor_pro_required": "1",
        "wp_page_template": "elementor_header_footer"
    },
    "content": [
        {
            "id": "4475a493",
            "settings": {
                "content_width": {
                    "unit": "px",
                    "size": 720,
                    "sizes": []
                },
                "content_width_tablet": {
                    "unit": "px",
                    "size": 540,
                    "sizes": []
                },
                "background_background": "classic",
                "background_overlay_background": "classic",
                "background_overlay_image": {
                    "url": "http:\/\/point.moxcreative.com\/populi\/wp-content\/uploads\/sites\/7\/2022\/04\/congressman.jpg",
                    "id": 518,
                    "alt": "Congressman",
                    "source": "library"
                },
                "background_overlay_position": "center center",
                "background_overlay_repeat": "no-repeat",
                "background_overlay_size": "cover",
                "padding": {
                    "unit": "em",
                    "top": "5",
                    "right": "0",
                    "bottom": "5",
                    "left": "0",
                    "isLinked": false
                },
                "padding_tablet": {
                    "unit": "em",
                    "top": "",
                    "right": "",
                    "bottom": "",
                    "left": "",
                    "isLinked": true
                },
                "padding_mobile": {
                    "unit": "em",
                    "top": "3",
                    "right": "1",
                    "bottom": "3",
                    "left": "1",
                    "isLinked": false
                },
                "__globals__": {
                    "background_color": "globals\/colors?id=044b931"
                },
                "background_image": {
                    "url": "",
                    "id": "",
                    "alt": "Photographers taking photographs at a political gathering.",
                    "source": "library"
                }
            },
            "elements": [
                {
                    "id": "6501ef35",
                    "settings": {
                        "_column_size": 100,
                        "_inline_size": null,
                        "border_border": "solid",
                        "border_width": {
                            "unit": "px",
                            "top": "5",
                            "right": "5",
                            "bottom": "5",
                            "left": "5",
                            "isLinked": true
                        },
                        "padding": {
                            "unit": "em",
                            "top": "4",
                            "right": "4",
                            "bottom": "4",
                            "left": "4",
                            "isLinked": true
                        },
                        "padding_tablet": {
                            "unit": "em",
                            "top": "",
                            "right": "",
                            "bottom": "",
                            "left": "",
                            "isLinked": true
                        },
                        "padding_mobile": {
                            "unit": "em",
                            "top": "2",
                            "right": "2",
                            "bottom": "2",
                            "left": "2",
                            "isLinked": true
                        },
                        "__globals__": {
                            "border_color": "globals\/colors?id=accent"
                        },
                        "animation": "fadeInUp"
                    },
                    "elements": [
                        {
                            "id": "4805fb1e",
                            "settings": {
                                "title": "Add Your Heading Text Here",
                                "header_size": "h1",
                                "align": "center",
                                "__dynamic__": {
                                    "title": "[elementor-tag id=\"5cf8c30\" name=\"post-title\" settings=\"%7B%7D\"]"
                                },
                                "__globals__": {
                                    "title_color": "globals\/colors?id=text"
                                }
                            },
                            "elements": [],
                            "isInner": false,
                            "widgetType": "heading",
                            "elType": "widget"
                        },
                        {
                            "id": "47cadfbb",
                            "settings": {
                                "title": "Use your right for right",
                                "header_size": "h4",
                                "align": "center",
                                "__globals__": {
                                    "title_color": "globals\/colors?id=text"
                                }
                            },
                            "elements": [],
                            "isInner": false,
                            "widgetType": "heading",
                            "elType": "widget"
                        }
                    ],
                    "isInner": false,
                    "elType": "column"
                }
            ],
            "isInner": false,
            "elType": "section"
        },
        {
            "id": "360d0c12",
            "settings": {
                "content_position": "middle",
                "structure": "20",
                "background_background": "gradient",
                "background_color": "#FFFFFF",
                "background_color_stop": {
                    "unit": "%",
                    "size": 60,
                    "sizes": []
                },
                "background_color_b": "#F5F5F5",
                "background_color_b_stop": {
                    "unit": "%",
                    "size": 0,
                    "sizes": []
                },
                "background_gradient_angle": {
                    "unit": "deg",
                    "size": 90,
                    "sizes": []
                },
                "background_overlay_background": "gradient",
                "background_overlay_color": "#F5F5F500",
                "background_overlay_color_stop": {
                    "unit": "%",
                    "size": 70,
                    "sizes": []
                },
                "background_overlay_color_b": "#FFFFFF",
                "background_overlay_color_b_stop": {
                    "unit": "%",
                    "size": 0,
                    "sizes": []
                },
                "background_overlay_opacity": {
                    "unit": "px",
                    "size": 1,
                    "sizes": []
                },
                "padding": {
                    "unit": "em",
                    "top": "7",
                    "right": "0",
                    "bottom": "7",
                    "left": "0",
                    "isLinked": false
                },
                "padding_tablet": {
                    "unit": "em",
                    "top": "3",
                    "right": "0",
                    "bottom": "3",
                    "left": "0",
                    "isLinked": false
                },
                "padding_mobile": {
                    "unit": "em",
                    "top": "2",
                    "right": "0",
                    "bottom": "2",
                    "left": "0",
                    "isLinked": false
                },
                "__globals__": {
                    "background_color": "globals\/colors?id=text",
                    "background_color_b": "globals\/colors?id=cfa1f76",
                    "background_overlay_color": "",
                    "background_overlay_color_b": "globals\/colors?id=text"
                }
            },
            "elements": [
                {
                    "id": "18908608",
                    "settings": {
                        "_column_size": 50,
                        "_inline_size": null,
                        "padding": {
                            "unit": "em",
                            "top": "3",
                            "right": "3",
                            "bottom": "3",
                            "left": "3",
                            "isLinked": true
                        },
                        "padding_tablet": {
                            "unit": "em",
                            "top": "",
                            "right": "",
                            "bottom": "",
                            "left": "",
                            "isLinked": true
                        },
                        "padding_mobile": {
                            "unit": "em",
                            "top": "2",
                            "right": "2",
                            "bottom": "2",
                            "left": "2",
                            "isLinked": true
                        },
                        "animation": "fadeInLeft"
                    },
                    "elements": [
                        {
                            "id": "41c5ca6b",
                            "settings": {
                                "title": "Who we are",
                                "header_size": "h6"
                            },
                            "elements": [],
                            "isInner": false,
                            "widgetType": "heading",
                            "elType": "widget"
                        },
                        {
                            "id": "3debbc92",
                            "settings": {
                                "title": "If you want a better future, Vote for us."
                            },
                            "elements": [],
                            "isInner": false,
                            "widgetType": "heading",
                            "elType": "widget"
                        },
                        {
                            "id": "65ea7d4a",
                            "settings": {
                                "editor": "<p>Parturient dis torquent nostra mattis congue ut sagittis nibh luctus viverra. Enim convallis tristique magna torquent egestas dictumst consectetur. Malesuada mus dictumst orci litora nisl iaculis duis nostra enim vestibulum.<\/p>"
                            },
                            "elements": [],
                            "isInner": false,
                            "widgetType": "text-editor",
                            "elType": "widget"
                        },
                        {
                            "id": "3d98ac15",
                            "settings": {
                                "text": "Discover more",
                                "size": "md"
                            },
                            "elements": [],
                            "isInner": false,
                            "widgetType": "button",
                            "elType": "widget"
                        }
                    ],
                    "isInner": false,
                    "elType": "column"
                },
                {
                    "id": "4bafab39",
                    "settings": {
                        "_column_size": 50,
                        "_inline_size": null,
                        "animation": "fadeInRight"
                    },
                    "elements": [
                        {
                            "id": "551d9a06",
                            "settings": {
                                "youtube_url": "https:\/\/www.youtube.com\/watch?v=XHOmBV4js_E",
                                "vimeo_url": "https:\/\/vimeo.com\/235215203",
                                "dailymotion_url": "https:\/\/www.dailymotion.com\/video\/x6tqhqb",
                                "lazy_load": "yes",
                                "show_image_overlay": "yes",
                                "image_overlay": {
                                    "url": "http:\/\/point.moxcreative.com\/populi\/wp-content\/uploads\/sites\/7\/2022\/04\/member-of-political-party.jpg",
                                    "id": 322,
                                    "alt": "Member of political party",
                                    "source": "library"
                                },
                                "aspect_ratio": "43",
                                "_box_shadow_box_shadow_type": "yes",
                                "_box_shadow_box_shadow": {
                                    "horizontal": 21,
                                    "vertical": -21,
                                    "blur": 0,
                                    "spread": 0,
                                    "color": "#004999"
                                }
                            },
                            "elements": [],
                            "isInner": false,
                            "widgetType": "video",
                            "elType": "widget"
                        }
                    ],
                    "isInner": false,
                    "elType": "column"
                }
            ],
            "isInner": false,
            "elType": "section"
        },
        {
            "id": "12009669",
            "settings": {
                "content_position": "middle",
                "background_background": "classic",
                "background_image": {
                    "url": "http:\/\/point.moxcreative.com\/populi\/wp-content\/uploads\/sites\/7\/2022\/04\/usa-flag-background-.jpg",
                    "id": 67,
                    "alt": "USA flag background.",
                    "source": "library"
                },
                "background_position": "center center",
                "background_repeat": "no-repeat",
                "background_size": "cover",
                "background_overlay_background": "gradient",
                "background_overlay_color": "#133256CC",
                "background_overlay_color_b": "#004999",
                "background_overlay_color_b_stop": {
                    "unit": "%",
                    "size": 50,
                    "sizes": []
                },
                "background_overlay_gradient_type": "radial",
                "background_overlay_gradient_position": "top right",
                "background_overlay_image": {
                    "url": "",
                    "id": "",
                    "alt": "",
                    "source": "library"
                },
                "background_overlay_position": "center center",
                "background_overlay_repeat": "no-repeat",
                "background_overlay_size": "cover",
                "background_overlay_opacity": {
                    "unit": "px",
                    "size": 1,
                    "sizes": []
                },
                "padding": {
                    "unit": "em",
                    "top": "7",
                    "right": "0",
                    "bottom": "10",
                    "left": "0",
                    "isLinked": false
                },
                "padding_tablet": {
                    "unit": "em",
                    "top": "3",
                    "right": "0",
                    "bottom": "10",
                    "left": "0",
                    "isLinked": false
                },
                "padding_mobile": {
                    "unit": "em",
                    "top": "2",
                    "right": "0",
                    "bottom": "7",
                    "left": "0",
                    "isLinked": false
                },
                "__globals__": {
                    "background_color": "",
                    "background_overlay_color": "",
                    "background_overlay_color_b": "globals\/colors?id=044b931"
                }
            },
            "elements": [
                {
                    "id": "4e51d7d1",
                    "settings": {
                        "_column_size": 100,
                        "__globals__": {
                            "background_color": "globals\/colors?id=text"
                        }
                    },
                    "elements": [
                        {
                            "id": "5249d517",
                            "settings": {
                                "content_width": {
                                    "unit": "px",
                                    "size": 720,
                                    "sizes": []
                                }
                            },
                            "elements": [
                                {
                                    "id": "6ba0d562",
                                    "settings": {
                                        "_column_size": 100,
                                        "_inline_size": null,
                                        "padding": {
                                            "unit": "em",
                                            "top": "2",
                                            "right": "2",
                                            "bottom": "2",
                                            "left": "2",
                                            "isLinked": true
                                        },
                                        "padding_tablet": {
                                            "unit": "em",
                                            "top": "",
                                            "right": "",
                                            "bottom": "",
                                            "left": "",
                                            "isLinked": true
                                        },
                                        "padding_mobile": {
                                            "unit": "em",
                                            "top": "",
                                            "right": "",
                                            "bottom": "",
                                            "left": "",
                                            "isLinked": true
                                        }
                                    },
                                    "elements": [
                                        {
                                            "id": "3825261c",
                                            "settings": {
                                                "title": "Our value",
                                                "header_size": "h6",
                                                "align": "center",
                                                "__globals__": {
                                                    "title_color": "globals\/colors?id=text"
                                                }
                                            },
                                            "elements": [],
                                            "isInner": false,
                                            "widgetType": "heading",
                                            "elType": "widget"
                                        },
                                        {
                                            "id": "2d0c7821",
                                            "settings": {
                                                "title": "Qualified and ready for leadership\n\n",
                                                "align": "center",
                                                "__globals__": {
                                                    "title_color": "globals\/colors?id=text"
                                                }
                                            },
                                            "elements": [],
                                            "isInner": false,
                                            "widgetType": "heading",
                                            "elType": "widget"
                                        },
                                        {
                                            "id": "65015498",
                                            "settings": {
                                                "align": "center",
                                                "__globals__": {
                                                    "text_color": "globals\/colors?id=text"
                                                }
                                            },
                                            "elements": [],
                                            "isInner": false,
                                            "widgetType": "text-editor",
                                            "elType": "widget"
                                        }
                                    ],
                                    "isInner": true,
                                    "elType": "column"
                                }
                            ],
                            "isInner": true,
                            "elType": "section"
                        }
                    ],
                    "isInner": false,
                    "elType": "column"
                }
            ],
            "isInner": false,
            "elType": "section"
        },
        {
            "id": "6c49ad55",
            "settings": [],
            "elements": [
                {
                    "id": "58659f9c",
                    "settings": {
                        "_column_size": 100,
                        "_inline_size": null,
                        "margin": {
                            "unit": "em",
                            "top": "-7",
                            "right": "0",
                            "bottom": "0",
                            "left": "0",
                            "isLinked": false
                        },
                        "margin_tablet": {
                            "unit": "em",
                            "top": "",
                            "right": "",
                            "bottom": "",
                            "left": "",
                            "isLinked": true
                        },
                        "margin_mobile": {
                            "unit": "em",
                            "top": "",
                            "right": "",
                            "bottom": "",
                            "left": "",
                            "isLinked": true
                        },
                        "padding": {
                            "unit": "px",
                            "top": "0",
                            "right": "0",
                            "bottom": "0",
                            "left": "0",
                            "isLinked": true
                        }
                    },
                    "elements": [
                        {
                            "id": "532fef1e",
                            "settings": {
                                "structure": "30"
                            },
                            "elements": [
                                {
                                    "id": "1d17fbac",
                                    "settings": {
                                        "_column_size": 33,
                                        "_inline_size": null,
                                        "background_background": "classic",
                                        "box_shadow_box_shadow_type": "yes",
                                        "box_shadow_box_shadow": {
                                            "horizontal": 0,
                                            "vertical": 0,
                                            "blur": 30,
                                            "spread": 0,
                                            "color": "rgba(0, 0, 0, 0.1)"
                                        },
                                        "margin": {
                                            "unit": "px",
                                            "top": "10",
                                            "right": "10",
                                            "bottom": "10",
                                            "left": "10",
                                            "isLinked": true
                                        },
                                        "padding": {
                                            "unit": "em",
                                            "top": "2",
                                            "right": "2",
                                            "bottom": "2",
                                            "left": "2",
                                            "isLinked": true
                                        },
                                        "padding_tablet": {
                                            "unit": "em",
                                            "top": "2",
                                            "right": "1",
                                            "bottom": "2",
                                            "left": "1",
                                            "isLinked": false
                                        },
                                        "padding_mobile": {
                                            "unit": "em",
                                            "top": "2",
                                            "right": "2",
                                            "bottom": "2",
                                            "left": "2",
                                            "isLinked": true
                                        },
                                        "animation": "fadeInUp",
                                        "__globals__": {
                                            "background_color": "globals\/colors?id=text"
                                        }
                                    },
                                    "elements": [
                                        {
                                            "id": "7a0d2dd7",
                                            "settings": {
                                                "selected_icon": {
                                                    "value": " icon_lightbulb_alt",
                                                    "library": "skb_cife-elegant-icon"
                                                },
                                                "view": "framed",
                                                "title_text": "Vision",
                                                "description_text": "Suspendisse erat dignissim ac porta metus accumsan habitasse eu turpis leo aenean",
                                                "title_size": "h4",
                                                "icon_size": {
                                                    "unit": "px",
                                                    "size": 35,
                                                    "sizes": []
                                                },
                                                "__globals__": {
                                                    "primary_color": "globals\/colors?id=df5eae3",
                                                    "secondary_color": "globals\/colors?id=text"
                                                }
                                            },
                                            "elements": [],
                                            "isInner": false,
                                            "widgetType": "icon-box",
                                            "elType": "widget"
                                        },
                                        {
                                            "id": "4ea6ecd7",
                                            "settings": {
                                                "text": "Learn more",
                                                "align": "center"
                                            },
                                            "elements": [],
                                            "isInner": false,
                                            "widgetType": "button",
                                            "elType": "widget"
                                        }
                                    ],
                                    "isInner": true,
                                    "elType": "column"
                                },
                                {
                                    "id": "62fe3a53",
                                    "settings": {
                                        "_column_size": 33,
                                        "_inline_size": null,
                                        "background_background": "classic",
                                        "box_shadow_box_shadow_type": "yes",
                                        "box_shadow_box_shadow": {
                                            "horizontal": 0,
                                            "vertical": 0,
                                            "blur": 30,
                                            "spread": 0,
                                            "color": "rgba(0, 0, 0, 0.1)"
                                        },
                                        "margin": {
                                            "unit": "px",
                                            "top": "10",
                                            "right": "10",
                                            "bottom": "10",
                                            "left": "10",
                                            "isLinked": true
                                        },
                                        "padding": {
                                            "unit": "em",
                                            "top": "2",
                                            "right": "2",
                                            "bottom": "2",
                                            "left": "2",
                                            "isLinked": true
                                        },
                                        "padding_tablet": {
                                            "unit": "em",
                                            "top": "2",
                                            "right": "1",
                                            "bottom": "2",
                                            "left": "1",
                                            "isLinked": false
                                        },
                                        "padding_mobile": {
                                            "unit": "em",
                                            "top": "2",
                                            "right": "2",
                                            "bottom": "2",
                                            "left": "2",
                                            "isLinked": true
                                        },
                                        "animation": "fadeInUp",
                                        "animation_delay": 240,
                                        "__globals__": {
                                            "background_color": "globals\/colors?id=text"
                                        }
                                    },
                                    "elements": [
                                        {
                                            "id": "35ab1fbb",
                                            "settings": {
                                                "selected_icon": {
                                                    "value": "far fa-compass",
                                                    "library": "fa-regular"
                                                },
                                                "view": "framed",
                                                "title_text": "Mission",
                                                "description_text": "Suspendisse erat dignissim ac porta metus accumsan habitasse eu turpis leo aenean",
                                                "title_size": "h4",
                                                "icon_size": {
                                                    "unit": "px",
                                                    "size": 35,
                                                    "sizes": []
                                                },
                                                "__globals__": {
                                                    "primary_color": "globals\/colors?id=df5eae3",
                                                    "secondary_color": "globals\/colors?id=text"
                                                }
                                            },
                                            "elements": [],
                                            "isInner": false,
                                            "widgetType": "icon-box",
                                            "elType": "widget"
                                        },
                                        {
                                            "id": "749db7d8",
                                            "settings": {
                                                "text": "Learn more",
                                                "align": "center"
                                            },
                                            "elements": [],
                                            "isInner": false,
                                            "widgetType": "button",
                                            "elType": "widget"
                                        }
                                    ],
                                    "isInner": true,
                                    "elType": "column"
                                },
                                {
                                    "id": "63b8b9db",
                                    "settings": {
                                        "_column_size": 33,
                                        "_inline_size": null,
                                        "background_background": "classic",
                                        "box_shadow_box_shadow_type": "yes",
                                        "box_shadow_box_shadow": {
                                            "horizontal": 0,
                                            "vertical": 0,
                                            "blur": 30,
                                            "spread": 0,
                                            "color": "rgba(0, 0, 0, 0.1)"
                                        },
                                        "margin": {
                                            "unit": "px",
                                            "top": "10",
                                            "right": "10",
                                            "bottom": "10",
                                            "left": "10",
                                            "isLinked": true
                                        },
                                        "padding": {
                                            "unit": "em",
                                            "top": "2",
                                            "right": "2",
                                            "bottom": "2",
                                            "left": "2",
                                            "isLinked": true
                                        },
                                        "padding_tablet": {
                                            "unit": "em",
                                            "top": "2",
                                            "right": "1",
                                            "bottom": "2",
                                            "left": "1",
                                            "isLinked": false
                                        },
                                        "padding_mobile": {
                                            "unit": "em",
                                            "top": "2",
                                            "right": "2",
                                            "bottom": "2",
                                            "left": "2",
                                            "isLinked": true
                                        },
                                        "animation": "fadeInUp",
                                        "animation_delay": 480,
                                        "__globals__": {
                                            "background_color": "globals\/colors?id=text"
                                        }
                                    },
                                    "elements": [
                                        {
                                            "id": "765abb31",
                                            "settings": {
                                                "selected_icon": {
                                                    "value": " la la-gear",
                                                    "library": "skb_cife-lineawesome-icon"
                                                },
                                                "view": "framed",
                                                "title_text": "Motto",
                                                "description_text": "Suspendisse erat dignissim ac porta metus accumsan habitasse eu turpis leo aenean",
                                                "title_size": "h4",
                                                "icon_size": {
                                                    "unit": "px",
                                                    "size": 35,
                                                    "sizes": []
                                                },
                                                "__globals__": {
                                                    "primary_color": "globals\/colors?id=df5eae3",
                                                    "secondary_color": "globals\/colors?id=text"
                                                }
                                            },
                                            "elements": [],
                                            "isInner": false,
                                            "widgetType": "icon-box",
                                            "elType": "widget"
                                        },
                                        {
                                            "id": "35436345",
                                            "settings": {
                                                "text": "Learn more",
                                                "align": "center"
                                            },
                                            "elements": [],
                                            "isInner": false,
                                            "widgetType": "button",
                                            "elType": "widget"
                                        }
                                    ],
                                    "isInner": true,
                                    "elType": "column"
                                }
                            ],
                            "isInner": true,
                            "elType": "section"
                        }
                    ],
                    "isInner": false,
                    "elType": "column"
                }
            ],
            "isInner": false,
            "elType": "section"
        },
        {
            "id": "58e711d5",
            "settings": {
                "structure": "20",
                "padding": {
                    "unit": "em",
                    "top": "7",
                    "right": "0",
                    "bottom": "0",
                    "left": "0",
                    "isLinked": false
                },
                "padding_tablet": {
                    "unit": "em",
                    "top": "3",
                    "right": "0",
                    "bottom": "0",
                    "left": "0",
                    "isLinked": false
                },
                "padding_mobile": {
                    "unit": "em",
                    "top": "",
                    "right": "",
                    "bottom": "",
                    "left": "",
                    "isLinked": true
                }
            },
            "elements": [
                {
                    "id": "7da442ea",
                    "settings": {
                        "_column_size": 50,
                        "_inline_size": null,
                        "padding": {
                            "unit": "px",
                            "top": "0",
                            "right": "0",
                            "bottom": "0",
                            "left": "0",
                            "isLinked": true
                        },
                        "animation": "fadeInLeft"
                    },
                    "elements": [
                        {
                            "id": "52d50443",
                            "settings": {
                                "image": {
                                    "url": "http:\/\/point.moxcreative.com\/populi\/wp-content\/uploads\/sites\/7\/2022\/04\/mature-politician-against-american-flag.jpg",
                                    "id": 570,
                                    "alt": "Mature Politician against American Flag",
                                    "source": "library"
                                },
                                "image_size": "full",
                                "width": {
                                    "unit": "%",
                                    "size": 100,
                                    "sizes": []
                                },
                                "height": {
                                    "unit": "px",
                                    "size": 625,
                                    "sizes": []
                                },
                                "object-fit": "cover",
                                "height_mobile": {
                                    "unit": "px",
                                    "size": 200,
                                    "sizes": []
                                }
                            },
                            "elements": [],
                            "isInner": false,
                            "widgetType": "image",
                            "elType": "widget"
                        }
                    ],
                    "isInner": false,
                    "elType": "column"
                },
                {
                    "id": "145e7b89",
                    "settings": {
                        "_column_size": 50,
                        "_inline_size": null,
                        "padding": {
                            "unit": "em",
                            "top": "4",
                            "right": "4",
                            "bottom": "4",
                            "left": "4",
                            "isLinked": true
                        },
                        "padding_tablet": {
                            "unit": "em",
                            "top": "2",
                            "right": "2",
                            "bottom": "2",
                            "left": "2",
                            "isLinked": true
                        },
                        "padding_mobile": {
                            "unit": "em",
                            "top": "1",
                            "right": "1",
                            "bottom": "1",
                            "left": "1",
                            "isLinked": true
                        },
                        "animation": "fadeInRight"
                    },
                    "elements": [
                        {
                            "id": "c0a131a",
                            "settings": {
                                "title": "Our Candidate",
                                "header_size": "h6"
                            },
                            "elements": [],
                            "isInner": false,
                            "widgetType": "heading",
                            "elType": "widget"
                        },
                        {
                            "id": "78b05edb",
                            "settings": {
                                "title": "It\u2019s time for a change. Vote us\n\n"
                            },
                            "elements": [],
                            "isInner": false,
                            "widgetType": "heading",
                            "elType": "widget"
                        },
                        {
                            "id": "4f3a907a",
                            "settings": {
                                "editor": "<p>Malesuada efficitur metus est purus quisque finibus nulla dignissim eleifend eget. Suspendisse maecenas leo iaculis semper odio maximus. Letius himenaeos non et amet tempus habitasse.<\/p>"
                            },
                            "elements": [],
                            "isInner": false,
                            "widgetType": "text-editor",
                            "elType": "widget"
                        },
                        {
                            "id": "24a1f572",
                            "settings": {
                                "editor": "<p>Malesuada efficitur metus est purus quisque finibus nulla dignissim eleifend eget. Suspendisse maecenas leo iaculis semper odio maximus. Letius himenaeos non et amet tempus habitasse.<\/p>"
                            },
                            "elements": [],
                            "isInner": false,
                            "widgetType": "text-editor",
                            "elType": "widget"
                        },
                        {
                            "id": "1510771e",
                            "settings": {
                                "title": "George Johnston",
                                "header_size": "h5"
                            },
                            "elements": [],
                            "isInner": false,
                            "widgetType": "heading",
                            "elType": "widget"
                        },
                        {
                            "id": "46d814db",
                            "settings": {
                                "image": {
                                    "url": "http:\/\/point.moxcreative.com\/populi\/wp-content\/uploads\/sites\/7\/2022\/04\/Signature.png",
                                    "id": 577,
                                    "alt": "",
                                    "source": "library"
                                },
                                "image_size": "custom",
                                "image_custom_dimension": {
                                    "width": "225",
                                    "height": ""
                                },
                                "align": "left",
                                "width": {
                                    "unit": "px",
                                    "size": "",
                                    "sizes": []
                                },
                                "width_tablet": {
                                    "unit": "px",
                                    "size": "",
                                    "sizes": []
                                },
                                "width_mobile": {
                                    "unit": "px",
                                    "size": "",
                                    "sizes": []
                                },
                                "space": {
                                    "unit": "px",
                                    "size": "",
                                    "sizes": []
                                },
                                "space_tablet": {
                                    "unit": "px",
                                    "size": "",
                                    "sizes": []
                                },
                                "space_mobile": {
                                    "unit": "px",
                                    "size": "",
                                    "sizes": []
                                }
                            },
                            "elements": [],
                            "isInner": false,
                            "widgetType": "image",
                            "elType": "widget"
                        }
                    ],
                    "isInner": false,
                    "elType": "column"
                }
            ],
            "isInner": false,
            "elType": "section"
        },
        {
            "id": "38b5677",
            "settings": {
                "overflow": "hidden",
                "structure": "20",
                "reverse_order_mobile": "reverse-mobile"
            },
            "elements": [
                {
                    "id": "6f8b80c6",
                    "settings": {
                        "_column_size": 50,
                        "_inline_size": null,
                        "padding": {
                            "unit": "em",
                            "top": "4",
                            "right": "4",
                            "bottom": "4",
                            "left": "4",
                            "isLinked": true
                        },
                        "padding_tablet": {
                            "unit": "em",
                            "top": "2",
                            "right": "2",
                            "bottom": "2",
                            "left": "2",
                            "isLinked": true
                        },
                        "padding_mobile": {
                            "unit": "em",
                            "top": "1",
                            "right": "1",
                            "bottom": "1",
                            "left": "1",
                            "isLinked": true
                        },
                        "animation": "fadeInLeft"
                    },
                    "elements": [
                        {
                            "id": "47a6dcc8",
                            "settings": {
                                "title": "Work",
                                "header_size": "h6"
                            },
                            "elements": [],
                            "isInner": false,
                            "widgetType": "heading",
                            "elType": "widget"
                        },
                        {
                            "id": "4684e0c7",
                            "settings": {
                                "title": "A fresh face, A fresh leader. A fresh start\n\n"
                            },
                            "elements": [],
                            "isInner": false,
                            "widgetType": "heading",
                            "elType": "widget"
                        },
                        {
                            "id": "4f604723",
                            "settings": {
                                "editor": "<p>Blandit curabitur ipsum habitasse vulputate tortor donec natoque. Tincidunt lectus sit condimentum dapibus vestibulum ligula nascetur pharetra curae. Nisi risus tortor laoreet eu nunc nullam inceptos faucibus pulvinar himenaeos.<\/p>"
                            },
                            "elements": [],
                            "isInner": false,
                            "widgetType": "text-editor",
                            "elType": "widget"
                        },
                        {
                            "id": "250429f0",
                            "settings": {
                                "text": "Discover more"
                            },
                            "elements": [],
                            "isInner": false,
                            "widgetType": "button",
                            "elType": "widget"
                        }
                    ],
                    "isInner": false,
                    "elType": "column"
                },
                {
                    "id": "3312c3bf",
                    "settings": {
                        "_column_size": 50,
                        "_inline_size": null,
                        "padding": {
                            "unit": "px",
                            "top": "0",
                            "right": "0",
                            "bottom": "0",
                            "left": "0",
                            "isLinked": true
                        },
                        "animation": "fadeInRight"
                    },
                    "elements": [
                        {
                            "id": "368aeace",
                            "settings": {
                                "image": {
                                    "url": "http:\/\/point.moxcreative.com\/populi\/wp-content\/uploads\/sites\/7\/2022\/04\/political-event.jpg",
                                    "id": 98,
                                    "alt": "Political event",
                                    "source": "library"
                                },
                                "image_size": "full",
                                "width": {
                                    "unit": "vw",
                                    "size": 100,
                                    "sizes": []
                                },
                                "width_tablet": {
                                    "unit": "vw",
                                    "size": "",
                                    "sizes": []
                                },
                                "width_mobile": {
                                    "unit": "%",
                                    "size": 100,
                                    "sizes": []
                                },
                                "space": {
                                    "unit": "vw",
                                    "size": 50,
                                    "sizes": []
                                },
                                "space_tablet": {
                                    "unit": "vw",
                                    "size": "",
                                    "sizes": []
                                },
                                "space_mobile": {
                                    "unit": "%",
                                    "size": 100,
                                    "sizes": []
                                },
                                "height": {
                                    "unit": "px",
                                    "size": 500,
                                    "sizes": []
                                },
                                "height_tablet": {
                                    "unit": "px",
                                    "size": 450,
                                    "sizes": []
                                },
                                "height_mobile": {
                                    "unit": "px",
                                    "size": 200,
                                    "sizes": []
                                },
                                "object-fit": "cover"
                            },
                            "elements": [],
                            "isInner": false,
                            "widgetType": "image",
                            "elType": "widget"
                        }
                    ],
                    "isInner": false,
                    "elType": "column"
                }
            ],
            "isInner": false,
            "elType": "section"
        },
        {
            "id": "183fd951",
            "settings": {
                "structure": "30",
                "background_background": "classic",
                "padding": {
                    "unit": "em",
                    "top": "5",
                    "right": "0",
                    "bottom": "7",
                    "left": "0",
                    "isLinked": false
                },
                "padding_tablet": {
                    "unit": "em",
                    "top": "1",
                    "right": "0",
                    "bottom": "3",
                    "left": "0",
                    "isLinked": false
                },
                "padding_mobile": {
                    "unit": "em",
                    "top": "",
                    "right": "",
                    "bottom": "",
                    "left": "",
                    "isLinked": true
                },
                "__globals__": {
                    "background_color": "globals\/colors?id=cfa1f76"
                }
            },
            "elements": [
                {
                    "id": "6bda2b12",
                    "settings": {
                        "_column_size": 33,
                        "_inline_size": null,
                        "animation": "fadeInLeft"
                    },
                    "elements": [
                        {
                            "id": "5c7aecb9",
                            "settings": {
                                "image": {
                                    "url": "http:\/\/point.moxcreative.com\/populi\/wp-content\/uploads\/sites\/7\/2022\/04\/political-leaders-at-conference.jpg",
                                    "id": 90,
                                    "alt": "Political leaders at conference",
                                    "source": "library"
                                },
                                "image_size": "full",
                                "width": {
                                    "unit": "%",
                                    "size": 100,
                                    "sizes": []
                                },
                                "height": {
                                    "unit": "px",
                                    "size": 475,
                                    "sizes": []
                                },
                                "height_mobile": {
                                    "unit": "px",
                                    "size": 200,
                                    "sizes": []
                                },
                                "object-fit": "cover"
                            },
                            "elements": [],
                            "isInner": false,
                            "widgetType": "image",
                            "elType": "widget"
                        }
                    ],
                    "isInner": false,
                    "elType": "column"
                },
                {
                    "id": "25e24da0",
                    "settings": {
                        "_column_size": 33,
                        "_inline_size": null,
                        "padding": {
                            "unit": "em",
                            "top": "2",
                            "right": "2",
                            "bottom": "2",
                            "left": "2",
                            "isLinked": true
                        },
                        "padding_tablet": {
                            "unit": "em",
                            "top": "",
                            "right": "",
                            "bottom": "",
                            "left": "",
                            "isLinked": true
                        },
                        "padding_mobile": {
                            "unit": "em",
                            "top": "1",
                            "right": "1",
                            "bottom": "1",
                            "left": "1",
                            "isLinked": true
                        },
                        "animation": "fadeInLeft",
                        "animation_delay": 240
                    },
                    "elements": [
                        {
                            "id": "3cb63f48",
                            "settings": {
                                "title": "Our Concern Issues",
                                "header_size": "h6"
                            },
                            "elements": [],
                            "isInner": false,
                            "widgetType": "heading",
                            "elType": "widget"
                        },
                        {
                            "id": "4845f305",
                            "settings": {
                                "title": "Right leader at right time for the right reason"
                            },
                            "elements": [],
                            "isInner": false,
                            "widgetType": "heading",
                            "elType": "widget"
                        },
                        {
                            "id": "762ae4ba",
                            "settings": {
                                "editor": "<p>Platea sit duis purus facilisis magnis tellus. Sed tellus ante tincidunt orci aliquam pellentesque. Nibh curabitur habitasse etiam pretium pede nulla interdum suscipit pharetra nascetur.<\/p>"
                            },
                            "elements": [],
                            "isInner": false,
                            "widgetType": "text-editor",
                            "elType": "widget"
                        },
                        {
                            "id": "587ff5c3",
                            "settings": {
                                "text": "More Program",
                                "size": "md"
                            },
                            "elements": [],
                            "isInner": false,
                            "widgetType": "button",
                            "elType": "widget"
                        }
                    ],
                    "isInner": false,
                    "elType": "column"
                },
                {
                    "id": "68e82484",
                    "settings": {
                        "_column_size": 33,
                        "_inline_size": null,
                        "padding": {
                            "unit": "em",
                            "top": "2",
                            "right": "2",
                            "bottom": "2",
                            "left": "2",
                            "isLinked": true
                        },
                        "padding_tablet": {
                            "unit": "em",
                            "top": "",
                            "right": "",
                            "bottom": "",
                            "left": "",
                            "isLinked": true
                        },
                        "padding_mobile": {
                            "unit": "em",
                            "top": "1",
                            "right": "1",
                            "bottom": "1",
                            "left": "1",
                            "isLinked": true
                        },
                        "animation": "fadeInRight"
                    },
                    "elements": [
                        {
                            "id": "2fc6ec02",
                            "settings": {
                                "icon_list": [
                                    {
                                        "text": "Education System \ud83e\udc6d",
                                        "selected_icon": {
                                            "value": "",
                                            "library": ""
                                        },
                                        "_id": "0ab3bee",
                                        "link": {
                                            "url": "#",
                                            "is_external": "",
                                            "nofollow": "",
                                            "custom_attributes": ""
                                        }
                                    }
                                ],
                                "_margin": {
                                    "unit": "px",
                                    "top": "0",
                                    "right": "0",
                                    "bottom": "0",
                                    "left": "0",
                                    "isLinked": false
                                },
                                "_padding": {
                                    "unit": "px",
                                    "top": "10",
                                    "right": "10",
                                    "bottom": "10",
                                    "left": "10",
                                    "isLinked": true
                                },
                                "_background_hover_background": "classic",
                                "_border_border": "solid",
                                "_border_width": {
                                    "unit": "px",
                                    "top": "0",
                                    "right": "0",
                                    "bottom": "0",
                                    "left": "7",
                                    "isLinked": false
                                },
                                "__globals__": {
                                    "icon_typography_typography": "globals\/typography?id=83682a1",
                                    "text_color": "globals\/colors?id=secondary",
                                    "text_color_hover": "globals\/colors?id=text",
                                    "_border_color": "globals\/colors?id=d38a6c5",
                                    "_background_hover_color": "globals\/colors?id=d38a6c5"
                                }
                            },
                            "elements": [],
                            "isInner": false,
                            "widgetType": "icon-list",
                            "elType": "widget"
                        },
                        {
                            "id": "27259893",
                            "settings": {
                                "icon_list": [
                                    {
                                        "text": "Public Health Issues \ud83e\udc6d",
                                        "selected_icon": {
                                            "value": "",
                                            "library": ""
                                        },
                                        "_id": "0ab3bee",
                                        "link": {
                                            "url": "#",
                                            "is_external": "",
                                            "nofollow": "",
                                            "custom_attributes": ""
                                        }
                                    }
                                ],
                                "_margin": {
                                    "unit": "px",
                                    "top": "0",
                                    "right": "0",
                                    "bottom": "0",
                                    "left": "0",
                                    "isLinked": false
                                },
                                "_padding": {
                                    "unit": "px",
                                    "top": "10",
                                    "right": "10",
                                    "bottom": "10",
                                    "left": "10",
                                    "isLinked": true
                                },
                                "_background_hover_background": "classic",
                                "_border_border": "solid",
                                "_border_width": {
                                    "unit": "px",
                                    "top": "0",
                                    "right": "0",
                                    "bottom": "0",
                                    "left": "7",
                                    "isLinked": false
                                },
                                "__globals__": {
                                    "icon_typography_typography": "globals\/typography?id=83682a1",
                                    "text_color": "globals\/colors?id=secondary",
                                    "text_color_hover": "globals\/colors?id=text",
                                    "_border_color": "globals\/colors?id=d38a6c5",
                                    "_background_hover_color": "globals\/colors?id=d38a6c5"
                                }
                            },
                            "elements": [],
                            "isInner": false,
                            "widgetType": "icon-list",
                            "elType": "widget"
                        },
                        {
                            "id": "2c4a5c1a",
                            "settings": {
                                "icon_list": [
                                    {
                                        "text": "Corruption Issues \ud83e\udc6d",
                                        "selected_icon": {
                                            "value": "",
                                            "library": ""
                                        },
                                        "_id": "0ab3bee",
                                        "link": {
                                            "url": "#",
                                            "is_external": "",
                                            "nofollow": "",
                                            "custom_attributes": ""
                                        }
                                    }
                                ],
                                "_margin": {
                                    "unit": "px",
                                    "top": "0",
                                    "right": "0",
                                    "bottom": "0",
                                    "left": "0",
                                    "isLinked": false
                                },
                                "_padding": {
                                    "unit": "px",
                                    "top": "10",
                                    "right": "10",
                                    "bottom": "10",
                                    "left": "10",
                                    "isLinked": true
                                },
                                "_background_hover_background": "classic",
                                "_border_border": "solid",
                                "_border_width": {
                                    "unit": "px",
                                    "top": "0",
                                    "right": "0",
                                    "bottom": "0",
                                    "left": "7",
                                    "isLinked": false
                                },
                                "__globals__": {
                                    "icon_typography_typography": "globals\/typography?id=83682a1",
                                    "text_color": "globals\/colors?id=secondary",
                                    "text_color_hover": "globals\/colors?id=text",
                                    "_border_color": "globals\/colors?id=d38a6c5",
                                    "_background_hover_color": "globals\/colors?id=d38a6c5"
                                }
                            },
                            "elements": [],
                            "isInner": false,
                            "widgetType": "icon-list",
                            "elType": "widget"
                        },
                        {
                            "id": "5803b67",
                            "settings": {
                                "icon_list": [
                                    {
                                        "text": "Public Transportation System \ud83e\udc6d",
                                        "selected_icon": {
                                            "value": "",
                                            "library": ""
                                        },
                                        "_id": "0ab3bee",
                                        "link": {
                                            "url": "#",
                                            "is_external": "",
                                            "nofollow": "",
                                            "custom_attributes": ""
                                        }
                                    }
                                ],
                                "_margin": {
                                    "unit": "px",
                                    "top": "0",
                                    "right": "0",
                                    "bottom": "0",
                                    "left": "0",
                                    "isLinked": false
                                },
                                "_padding": {
                                    "unit": "px",
                                    "top": "10",
                                    "right": "10",
                                    "bottom": "10",
                                    "left": "10",
                                    "isLinked": true
                                },
                                "_background_hover_background": "classic",
                                "_border_border": "solid",
                                "_border_width": {
                                    "unit": "px",
                                    "top": "0",
                                    "right": "0",
                                    "bottom": "0",
                                    "left": "7",
                                    "isLinked": false
                                },
                                "__globals__": {
                                    "icon_typography_typography": "globals\/typography?id=83682a1",
                                    "text_color": "globals\/colors?id=secondary",
                                    "text_color_hover": "globals\/colors?id=text",
                                    "_border_color": "globals\/colors?id=d38a6c5",
                                    "_background_hover_color": "globals\/colors?id=d38a6c5"
                                }
                            },
                            "elements": [],
                            "isInner": false,
                            "widgetType": "icon-list",
                            "elType": "widget"
                        },
                        {
                            "id": "8da9af7",
                            "settings": {
                                "icon_list": [
                                    {
                                        "text": "Climate Change Issues \ud83e\udc6d",
                                        "selected_icon": {
                                            "value": "",
                                            "library": ""
                                        },
                                        "_id": "0ab3bee",
                                        "link": {
                                            "url": "#",
                                            "is_external": "",
                                            "nofollow": "",
                                            "custom_attributes": ""
                                        }
                                    }
                                ],
                                "_margin": {
                                    "unit": "px",
                                    "top": "0",
                                    "right": "0",
                                    "bottom": "0",
                                    "left": "0",
                                    "isLinked": false
                                },
                                "_padding": {
                                    "unit": "px",
                                    "top": "10",
                                    "right": "10",
                                    "bottom": "10",
                                    "left": "10",
                                    "isLinked": true
                                },
                                "_background_hover_background": "classic",
                                "_border_border": "solid",
                                "_border_width": {
                                    "unit": "px",
                                    "top": "0",
                                    "right": "0",
                                    "bottom": "0",
                                    "left": "7",
                                    "isLinked": false
                                },
                                "__globals__": {
                                    "icon_typography_typography": "globals\/typography?id=83682a1",
                                    "text_color": "globals\/colors?id=secondary",
                                    "text_color_hover": "globals\/colors?id=text",
                                    "_border_color": "globals\/colors?id=d38a6c5",
                                    "_background_hover_color": "globals\/colors?id=d38a6c5"
                                }
                            },
                            "elements": [],
                            "isInner": false,
                            "widgetType": "icon-list",
                            "elType": "widget"
                        },
                        {
                            "id": "626a97bf",
                            "settings": {
                                "icon_list": [
                                    {
                                        "text": "Human Right & Law \ud83e\udc6d",
                                        "selected_icon": {
                                            "value": "",
                                            "library": ""
                                        },
                                        "_id": "0ab3bee",
                                        "link": {
                                            "url": "#",
                                            "is_external": "",
                                            "nofollow": "",
                                            "custom_attributes": ""
                                        }
                                    }
                                ],
                                "_margin": {
                                    "unit": "px",
                                    "top": "0",
                                    "right": "0",
                                    "bottom": "0",
                                    "left": "0",
                                    "isLinked": false
                                },
                                "_padding": {
                                    "unit": "px",
                                    "top": "10",
                                    "right": "10",
                                    "bottom": "10",
                                    "left": "10",
                                    "isLinked": true
                                },
                                "_background_hover_background": "classic",
                                "_border_border": "solid",
                                "_border_width": {
                                    "unit": "px",
                                    "top": "0",
                                    "right": "0",
                                    "bottom": "0",
                                    "left": "7",
                                    "isLinked": false
                                },
                                "__globals__": {
                                    "icon_typography_typography": "globals\/typography?id=83682a1",
                                    "text_color": "globals\/colors?id=secondary",
                                    "text_color_hover": "globals\/colors?id=text",
                                    "_border_color": "globals\/colors?id=d38a6c5",
                                    "_background_hover_color": "globals\/colors?id=d38a6c5"
                                }
                            },
                            "elements": [],
                            "isInner": false,
                            "widgetType": "icon-list",
                            "elType": "widget"
                        }
                    ],
                    "isInner": false,
                    "elType": "column"
                }
            ],
            "isInner": false,
            "elType": "section"
        },
        {
            "id": "6f3e310e",
            "settings": {
                "padding": {
                    "unit": "em",
                    "top": "7",
                    "right": "0",
                    "bottom": "7",
                    "left": "0",
                    "isLinked": false
                },
                "padding_tablet": {
                    "unit": "em",
                    "top": "3",
                    "right": "1",
                    "bottom": "3",
                    "left": "1",
                    "isLinked": false
                },
                "padding_mobile": {
                    "unit": "em",
                    "top": "0",
                    "right": "0",
                    "bottom": "0",
                    "left": "0",
                    "isLinked": false
                }
            },
            "elements": [
                {
                    "id": "51df0d23",
                    "settings": {
                        "_column_size": 100,
                        "_inline_size": null,
                        "background_background": "gradient",
                        "background_gradient_angle": {
                            "unit": "deg",
                            "size": 135,
                            "sizes": []
                        },
                        "__globals__": {
                            "background_color": "globals\/colors?id=044b931",
                            "background_color_b": "globals\/colors?id=639e8dd"
                        }
                    },
                    "elements": [
                        {
                            "id": "312c7231",
                            "settings": {
                                "content_position": "middle",
                                "overflow": "hidden",
                                "structure": "20"
                            },
                            "elements": [
                                {
                                    "id": "519d29db",
                                    "settings": {
                                        "_column_size": 50,
                                        "_inline_size": 70,
                                        "_inline_size_tablet": 60,
                                        "padding": {
                                            "unit": "em",
                                            "top": "3",
                                            "right": "3",
                                            "bottom": "3",
                                            "left": "3",
                                            "isLinked": true
                                        },
                                        "padding_tablet": {
                                            "unit": "em",
                                            "top": "2",
                                            "right": "2",
                                            "bottom": "2",
                                            "left": "2",
                                            "isLinked": true
                                        },
                                        "padding_mobile": {
                                            "unit": "em",
                                            "top": "1",
                                            "right": "1",
                                            "bottom": "1",
                                            "left": "1",
                                            "isLinked": true
                                        },
                                        "animation": "fadeInLeft"
                                    },
                                    "elements": [
                                        {
                                            "id": "4fa02e96",
                                            "settings": {
                                                "title": "Become Volunteer",
                                                "header_size": "h6",
                                                "__globals__": {
                                                    "title_color": "globals\/colors?id=text"
                                                }
                                            },
                                            "elements": [],
                                            "isInner": false,
                                            "widgetType": "heading",
                                            "elType": "widget"
                                        },
                                        {
                                            "id": "37390b97",
                                            "settings": {
                                                "title": "Interested in joining our team? Let's make a better future. ",
                                                "__globals__": {
                                                    "title_color": "globals\/colors?id=text"
                                                }
                                            },
                                            "elements": [],
                                            "isInner": false,
                                            "widgetType": "heading",
                                            "elType": "widget"
                                        },
                                        {
                                            "id": "4d62c317",
                                            "settings": {
                                                "__globals__": {
                                                    "text_color": "globals\/colors?id=text"
                                                }
                                            },
                                            "elements": [],
                                            "isInner": false,
                                            "widgetType": "text-editor",
                                            "elType": "widget"
                                        }
                                    ],
                                    "isInner": true,
                                    "elType": "column"
                                },
                                {
                                    "id": "f73ef6f",
                                    "settings": {
                                        "_column_size": 50,
                                        "_inline_size": 30,
                                        "_inline_size_tablet": 40,
                                        "padding": {
                                            "unit": "em",
                                            "top": "3",
                                            "right": "3",
                                            "bottom": "3",
                                            "left": "3",
                                            "isLinked": true
                                        },
                                        "padding_tablet": {
                                            "unit": "em",
                                            "top": "2",
                                            "right": "2",
                                            "bottom": "2",
                                            "left": "2",
                                            "isLinked": true
                                        },
                                        "padding_mobile": {
                                            "unit": "em",
                                            "top": "1",
                                            "right": "1",
                                            "bottom": "1",
                                            "left": "1",
                                            "isLinked": true
                                        },
                                        "animation": "fadeInRight"
                                    },
                                    "elements": [
                                        {
                                            "id": "11c09b36",
                                            "settings": {
                                                "text": "Find open positions",
                                                "align": "justify",
                                                "size": "lg",
                                                "selected_icon": {
                                                    "value": "material-icons md-call_made",
                                                    "library": "material-design-icons"
                                                },
                                                "icon_align": "right",
                                                "icon_indent": {
                                                    "unit": "px",
                                                    "size": 7,
                                                    "sizes": []
                                                },
                                                "background_color": "#02010100",
                                                "border_border": "solid",
                                                "border_width": {
                                                    "unit": "px",
                                                    "top": "2",
                                                    "right": "2",
                                                    "bottom": "2",
                                                    "left": "2",
                                                    "isLinked": true
                                                },
                                                "__globals__": {
                                                    "button_text_color": "globals\/colors?id=text",
                                                    "border_color": "globals\/colors?id=text",
                                                    "hover_color": "globals\/colors?id=text",
                                                    "button_background_hover_color": "globals\/colors?id=332724a",
                                                    "button_hover_border_color": "globals\/colors?id=332724a"
                                                }
                                            },
                                            "elements": [],
                                            "isInner": false,
                                            "widgetType": "button",
                                            "elType": "widget"
                                        },
                                        {
                                            "id": "3b90acea",
                                            "settings": {
                                                "text": "Contact us for help",
                                                "align": "justify",
                                                "size": "lg",
                                                "selected_icon": {
                                                    "value": "material-icons md-call_made",
                                                    "library": "material-design-icons"
                                                },
                                                "icon_align": "right",
                                                "icon_indent": {
                                                    "unit": "px",
                                                    "size": 7,
                                                    "sizes": []
                                                },
                                                "__globals__": {
                                                    "button_text_color": "globals\/colors?id=text",
                                                    "background_color": "globals\/colors?id=df5eae3",
                                                    "hover_color": "globals\/colors?id=text",
                                                    "button_background_hover_color": "globals\/colors?id=332724a"
                                                }
                                            },
                                            "elements": [],
                                            "isInner": false,
                                            "widgetType": "button",
                                            "elType": "widget"
                                        }
                                    ],
                                    "isInner": true,
                                    "elType": "column"
                                }
                            ],
                            "isInner": true,
                            "elType": "section"
                        }
                    ],
                    "isInner": false,
                    "elType": "column"
                }
            ],
            "isInner": false,
            "elType": "section"
        }
    ]
}