{
    "version": "0.4",
    "title": "Contact Us",
    "type": "page",
    "metadata": {
        "template_type": "single-page",
        "include_in_zip": "1",
        "elementor_pro_required": "1",
        "wp_page_template": "elementor_header_footer"
    },
    "content": [
        {
            "id": "450ed16a",
            "settings": {
                "content_width": {
                    "unit": "px",
                    "size": 720,
                    "sizes": []
                },
                "content_width_tablet": {
                    "unit": "px",
                    "size": 540,
                    "sizes": []
                },
                "background_background": "classic",
                "background_overlay_background": "classic",
                "background_overlay_image": {
                    "url": "http:\/\/point.moxcreative.com\/populi\/wp-content\/uploads\/sites\/7\/2022\/04\/political-interview.jpg",
                    "id": 83,
                    "alt": "Political interview",
                    "source": "library"
                },
                "background_overlay_position": "center center",
                "background_overlay_repeat": "no-repeat",
                "background_overlay_size": "cover",
                "padding": {
                    "unit": "em",
                    "top": "5",
                    "right": "0",
                    "bottom": "5",
                    "left": "0",
                    "isLinked": false
                },
                "padding_tablet": {
                    "unit": "em",
                    "top": "",
                    "right": "",
                    "bottom": "",
                    "left": "",
                    "isLinked": true
                },
                "padding_mobile": {
                    "unit": "em",
                    "top": "3",
                    "right": "1",
                    "bottom": "3",
                    "left": "1",
                    "isLinked": false
                },
                "__globals__": {
                    "background_color": "globals\/colors?id=044b931"
                }
            },
            "elements": [
                {
                    "id": "1b40d346",
                    "settings": {
                        "_column_size": 100,
                        "_inline_size": null,
                        "border_border": "solid",
                        "border_width": {
                            "unit": "px",
                            "top": "5",
                            "right": "5",
                            "bottom": "5",
                            "left": "5",
                            "isLinked": true
                        },
                        "padding": {
                            "unit": "em",
                            "top": "4",
                            "right": "4",
                            "bottom": "4",
                            "left": "4",
                            "isLinked": true
                        },
                        "padding_tablet": {
                            "unit": "em",
                            "top": "",
                            "right": "",
                            "bottom": "",
                            "left": "",
                            "isLinked": true
                        },
                        "padding_mobile": {
                            "unit": "em",
                            "top": "2",
                            "right": "2",
                            "bottom": "2",
                            "left": "2",
                            "isLinked": true
                        },
                        "__globals__": {
                            "border_color": "globals\/colors?id=accent"
                        },
                        "animation": "fadeInUp"
                    },
                    "elements": [
                        {
                            "id": "5c8f7537",
                            "settings": {
                                "title": "Add Your Heading Text Here",
                                "header_size": "h1",
                                "align": "center",
                                "__dynamic__": {
                                    "title": "[elementor-tag id=\"5cf8c30\" name=\"post-title\" settings=\"%7B%7D\"]"
                                },
                                "__globals__": {
                                    "title_color": "globals\/colors?id=text"
                                }
                            },
                            "elements": [],
                            "isInner": false,
                            "widgetType": "heading",
                            "elType": "widget"
                        },
                        {
                            "id": "259a4e4",
                            "settings": {
                                "title": "We would love to hear from you.\n",
                                "header_size": "h4",
                                "align": "center",
                                "__globals__": {
                                    "title_color": "globals\/colors?id=text"
                                }
                            },
                            "elements": [],
                            "isInner": false,
                            "widgetType": "heading",
                            "elType": "widget"
                        }
                    ],
                    "isInner": false,
                    "elType": "column"
                }
            ],
            "isInner": false,
            "elType": "section"
        },
        {
            "id": "73606d71",
            "settings": {
                "structure": "20",
                "padding": {
                    "unit": "em",
                    "top": "7",
                    "right": "0",
                    "bottom": "7",
                    "left": "0",
                    "isLinked": false
                },
                "padding_tablet": {
                    "unit": "em",
                    "top": "3",
                    "right": "0",
                    "bottom": "3",
                    "left": "0",
                    "isLinked": false
                },
                "padding_mobile": {
                    "unit": "em",
                    "top": "2",
                    "right": "0",
                    "bottom": "2",
                    "left": "0",
                    "isLinked": false
                }
            },
            "elements": [
                {
                    "id": "2d7c4590",
                    "settings": {
                        "_column_size": 50,
                        "_inline_size": 35,
                        "_inline_size_tablet": 45,
                        "background_background": "classic",
                        "margin": {
                            "unit": "px",
                            "top": "10",
                            "right": "10",
                            "bottom": "10",
                            "left": "10",
                            "isLinked": true
                        },
                        "padding": {
                            "unit": "em",
                            "top": "3",
                            "right": "3",
                            "bottom": "3",
                            "left": "3",
                            "isLinked": true
                        },
                        "padding_tablet": {
                            "unit": "em",
                            "top": "2",
                            "right": "2",
                            "bottom": "2",
                            "left": "2",
                            "isLinked": true
                        },
                        "padding_mobile": {
                            "unit": "em",
                            "top": "",
                            "right": "",
                            "bottom": "",
                            "left": "",
                            "isLinked": true
                        },
                        "animation": "fadeInLeft",
                        "__globals__": {
                            "background_color": "globals\/colors?id=044b931"
                        }
                    },
                    "elements": [
                        {
                            "id": "12de267a",
                            "settings": {
                                "title": "Get in touch",
                                "header_size": "h6",
                                "__globals__": {
                                    "title_color": "globals\/colors?id=text"
                                }
                            },
                            "elements": [],
                            "isInner": false,
                            "widgetType": "heading",
                            "elType": "widget"
                        },
                        {
                            "id": "74d79ebe",
                            "settings": {
                                "title": "Let's Talk\n",
                                "__globals__": {
                                    "title_color": "globals\/colors?id=text"
                                }
                            },
                            "elements": [],
                            "isInner": false,
                            "widgetType": "heading",
                            "elType": "widget"
                        },
                        {
                            "id": "4c50f754",
                            "settings": {
                                "editor": "<p>Lorem ipsum dolor sit amet, consectetur adipiscing elit.\u00a0<\/p>",
                                "__globals__": {
                                    "text_color": "globals\/colors?id=text"
                                }
                            },
                            "elements": [],
                            "isInner": false,
                            "widgetType": "text-editor",
                            "elType": "widget"
                        },
                        {
                            "id": "598d1aa5",
                            "settings": {
                                "selected_icon": {
                                    "value": "icon icon-map-marker1",
                                    "library": "ekiticons"
                                },
                                "view": "stacked",
                                "shape": "square",
                                "title_text": "Location",
                                "description_text": "Jln Cempaka Wangi No 22, Jakarta - Indonesia",
                                "position": "left",
                                "title_size": "h4",
                                "icon_space": {
                                    "unit": "px",
                                    "size": 14,
                                    "sizes": []
                                },
                                "icon_space_mobile": {
                                    "unit": "px",
                                    "size": 0,
                                    "sizes": []
                                },
                                "icon_size": {
                                    "unit": "px",
                                    "size": 35,
                                    "sizes": []
                                },
                                "icon_size_mobile": {
                                    "unit": "px",
                                    "size": 21,
                                    "sizes": []
                                },
                                "text_align_mobile": "left",
                                "content_vertical_alignment": "middle",
                                "title_bottom_space": {
                                    "unit": "px",
                                    "size": 0,
                                    "sizes": []
                                },
                                "__globals__": {
                                    "primary_color": "globals\/colors?id=text",
                                    "description_typography_typography": "globals\/typography?id=7044a64",
                                    "secondary_color": "globals\/colors?id=df5eae3",
                                    "title_color": "globals\/colors?id=text",
                                    "description_color": "globals\/colors?id=text",
                                    "title_typography_typography": "globals\/typography?id=520c191"
                                }
                            },
                            "elements": [],
                            "isInner": false,
                            "widgetType": "icon-box",
                            "elType": "widget"
                        },
                        {
                            "id": "9bff864",
                            "settings": {
                                "selected_icon": {
                                    "value": "icon icon-envelope1",
                                    "library": "ekiticons"
                                },
                                "view": "stacked",
                                "shape": "square",
                                "title_text": "Email Us",
                                "description_text": "support@yourdomain.tld",
                                "position": "left",
                                "title_size": "h4",
                                "icon_space": {
                                    "unit": "px",
                                    "size": 14,
                                    "sizes": []
                                },
                                "icon_space_mobile": {
                                    "unit": "px",
                                    "size": 0,
                                    "sizes": []
                                },
                                "icon_size": {
                                    "unit": "px",
                                    "size": 35,
                                    "sizes": []
                                },
                                "icon_size_mobile": {
                                    "unit": "px",
                                    "size": 21,
                                    "sizes": []
                                },
                                "text_align_mobile": "left",
                                "content_vertical_alignment": "middle",
                                "title_bottom_space": {
                                    "unit": "px",
                                    "size": 0,
                                    "sizes": []
                                },
                                "__globals__": {
                                    "primary_color": "globals\/colors?id=text",
                                    "description_typography_typography": "globals\/typography?id=7044a64",
                                    "secondary_color": "globals\/colors?id=df5eae3",
                                    "title_color": "globals\/colors?id=text",
                                    "description_color": "globals\/colors?id=text",
                                    "title_typography_typography": "globals\/typography?id=520c191"
                                }
                            },
                            "elements": [],
                            "isInner": false,
                            "widgetType": "icon-box",
                            "elType": "widget"
                        },
                        {
                            "id": "24f846d4",
                            "settings": {
                                "selected_icon": {
                                    "value": "xlwpf wppb-font-phone-call",
                                    "library": "wppagebuilder"
                                },
                                "view": "stacked",
                                "shape": "square",
                                "title_text": "Call Us",
                                "description_text": "+6221.2002.2012",
                                "position": "left",
                                "title_size": "div",
                                "icon_space": {
                                    "unit": "px",
                                    "size": 14,
                                    "sizes": []
                                },
                                "icon_space_mobile": {
                                    "unit": "px",
                                    "size": 0,
                                    "sizes": []
                                },
                                "icon_size": {
                                    "unit": "px",
                                    "size": 35,
                                    "sizes": []
                                },
                                "icon_size_mobile": {
                                    "unit": "px",
                                    "size": 21,
                                    "sizes": []
                                },
                                "text_align_mobile": "left",
                                "content_vertical_alignment": "middle",
                                "title_bottom_space": {
                                    "unit": "px",
                                    "size": 0,
                                    "sizes": []
                                },
                                "__globals__": {
                                    "primary_color": "globals\/colors?id=text",
                                    "description_typography_typography": "globals\/typography?id=7044a64",
                                    "secondary_color": "globals\/colors?id=df5eae3",
                                    "title_color": "globals\/colors?id=text",
                                    "description_color": "globals\/colors?id=text",
                                    "title_typography_typography": "globals\/typography?id=520c191"
                                }
                            },
                            "elements": [],
                            "isInner": false,
                            "widgetType": "icon-box",
                            "elType": "widget"
                        }
                    ],
                    "isInner": false,
                    "elType": "column"
                },
                {
                    "id": "e7f67e0",
                    "settings": {
                        "_column_size": 50,
                        "_inline_size": 65,
                        "_inline_size_tablet": 55,
                        "background_background": "classic",
                        "box_shadow_box_shadow_type": "yes",
                        "box_shadow_box_shadow": {
                            "horizontal": 0,
                            "vertical": 0,
                            "blur": 30,
                            "spread": 0,
                            "color": "rgba(0, 0, 0, 0.1)"
                        },
                        "margin": {
                            "unit": "px",
                            "top": "10",
                            "right": "10",
                            "bottom": "10",
                            "left": "10",
                            "isLinked": true
                        },
                        "padding": {
                            "unit": "em",
                            "top": "3",
                            "right": "3",
                            "bottom": "3",
                            "left": "3",
                            "isLinked": true
                        },
                        "padding_tablet": {
                            "unit": "em",
                            "top": "2",
                            "right": "2",
                            "bottom": "2",
                            "left": "2",
                            "isLinked": true
                        },
                        "padding_mobile": {
                            "unit": "em",
                            "top": "",
                            "right": "",
                            "bottom": "",
                            "left": "",
                            "isLinked": true
                        },
                        "animation": "fadeInRight",
                        "__globals__": {
                            "background_color": "globals\/colors?id=text"
                        }
                    },
                    "elements": [
                        {
                            "id": "5b554c77",
                            "settings": {
                                "title": "Send us a message"
                            },
                            "elements": [],
                            "isInner": false,
                            "widgetType": "heading",
                            "elType": "widget"
                        },
                        {
                            "id": "405d89e7",
                            "settings": {
                                "editor": "<p>Lorem ipsum dolor sit amet, consectetur adipiscing elit.\u00a0<\/p>"
                            },
                            "elements": [],
                            "isInner": false,
                            "widgetType": "text-editor",
                            "elType": "widget"
                        },
                        {
                            "id": "3c406d96",
                            "settings": {
                                "form_name": "New Form",
                                "form_fields": [
                                    {
                                        "custom_id": "name",
                                        "field_label": "Name",
                                        "placeholder": "Name",
                                        "width": "50",
                                        "_id": "f348792"
                                    },
                                    {
                                        "custom_id": "field_2ea9822",
                                        "field_type": "tel",
                                        "field_label": "Phone",
                                        "placeholder": "Phone",
                                        "width": "50",
                                        "required": "true",
                                        "_id": "2ea9822"
                                    },
                                    {
                                        "custom_id": "email",
                                        "field_type": "email",
                                        "required": "true",
                                        "field_label": "Email",
                                        "placeholder": "Email",
                                        "_id": "c3eb358"
                                    },
                                    {
                                        "custom_id": "message",
                                        "field_type": "textarea",
                                        "field_label": "Message",
                                        "placeholder": "Message",
                                        "_id": "fcf9119"
                                    }
                                ],
                                "input_size": "md",
                                "button_size": "md",
                                "step_next_label": "Next",
                                "step_previous_label": "Previous",
                                "button_text": "Send Message",
                                "selected_button_icon": {
                                    "value": "far fa-envelope",
                                    "library": "fa-regular"
                                },
                                "email_content": "[all-fields]",
                                "email_content_2": "[all-fields]",
                                "success_message": "The form was sent successfully.",
                                "error_message": "An error occurred.",
                                "required_field_message": "This field is required.",
                                "invalid_message": "There&#039;s something wrong. The form is invalid.",
                                "field_background_color": ""
                            },
                            "elements": [],
                            "isInner": false,
                            "widgetType": "form",
                            "elType": "widget"
                        }
                    ],
                    "isInner": false,
                    "elType": "column"
                }
            ],
            "isInner": false,
            "elType": "section"
        },
        {
            "id": "63d574c9",
            "settings": {
                "layout": "full_width",
                "gap": "no"
            },
            "elements": [
                {
                    "id": "4609119b",
                    "settings": {
                        "_column_size": 100,
                        "_inline_size": null
                    },
                    "elements": [
                        {
                            "id": "1c94ec52",
                            "settings": {
                                "address": "London Eye, London, United Kingdom",
                                "zoom": {
                                    "unit": "px",
                                    "size": 14,
                                    "sizes": []
                                },
                                "height": {
                                    "unit": "px",
                                    "size": 450,
                                    "sizes": []
                                },
                                "height_tablet": {
                                    "unit": "px",
                                    "size": 375,
                                    "sizes": []
                                }
                            },
                            "elements": [],
                            "isInner": false,
                            "widgetType": "google_maps",
                            "elType": "widget"
                        }
                    ],
                    "isInner": false,
                    "elType": "column"
                }
            ],
            "isInner": false,
            "elType": "section"
        }
    ]
}