{
    "version": "0.4",
    "title": "FAQ",
    "type": "page",
    "metadata": {
        "template_type": "single-page",
        "include_in_zip": "1",
        "elementor_pro_required": "1",
        "wp_page_template": "elementor_header_footer"
    },
    "content": [
        {
            "id": "68c2b4ec",
            "settings": {
                "content_width": {
                    "unit": "px",
                    "size": 720,
                    "sizes": []
                },
                "content_width_tablet": {
                    "unit": "px",
                    "size": 540,
                    "sizes": []
                },
                "background_background": "classic",
                "background_overlay_background": "classic",
                "background_overlay_image": {
                    "url": "http:\/\/point.moxcreative.com\/populi\/wp-content\/uploads\/sites\/7\/2022\/04\/political-speech.jpg",
                    "id": 63,
                    "alt": "Political speech",
                    "source": "library"
                },
                "background_overlay_position": "center center",
                "background_overlay_repeat": "no-repeat",
                "background_overlay_size": "cover",
                "padding": {
                    "unit": "em",
                    "top": "5",
                    "right": "0",
                    "bottom": "5",
                    "left": "0",
                    "isLinked": false
                },
                "padding_tablet": {
                    "unit": "em",
                    "top": "",
                    "right": "",
                    "bottom": "",
                    "left": "",
                    "isLinked": true
                },
                "padding_mobile": {
                    "unit": "em",
                    "top": "3",
                    "right": "1",
                    "bottom": "3",
                    "left": "1",
                    "isLinked": false
                },
                "__globals__": {
                    "background_color": "globals\/colors?id=044b931"
                }
            },
            "elements": [
                {
                    "id": "4ffdc74f",
                    "settings": {
                        "_column_size": 100,
                        "_inline_size": null,
                        "border_border": "solid",
                        "border_width": {
                            "unit": "px",
                            "top": "5",
                            "right": "5",
                            "bottom": "5",
                            "left": "5",
                            "isLinked": true
                        },
                        "padding": {
                            "unit": "em",
                            "top": "4",
                            "right": "4",
                            "bottom": "4",
                            "left": "4",
                            "isLinked": true
                        },
                        "padding_tablet": {
                            "unit": "em",
                            "top": "",
                            "right": "",
                            "bottom": "",
                            "left": "",
                            "isLinked": true
                        },
                        "padding_mobile": {
                            "unit": "em",
                            "top": "2",
                            "right": "2",
                            "bottom": "2",
                            "left": "2",
                            "isLinked": true
                        },
                        "__globals__": {
                            "border_color": "globals\/colors?id=accent"
                        },
                        "animation": "fadeInUp"
                    },
                    "elements": [
                        {
                            "id": "40ece4fd",
                            "settings": {
                                "title": "Add Your Heading Text Here",
                                "header_size": "h1",
                                "align": "center",
                                "__dynamic__": {
                                    "title": "[elementor-tag id=\"5cf8c30\" name=\"post-title\" settings=\"%7B%7D\"]"
                                },
                                "__globals__": {
                                    "title_color": "globals\/colors?id=text"
                                }
                            },
                            "elements": [],
                            "isInner": false,
                            "widgetType": "heading",
                            "elType": "widget"
                        },
                        {
                            "id": "14267fb9",
                            "settings": {
                                "title": "Frequently Asked Questions",
                                "header_size": "h4",
                                "align": "center",
                                "__globals__": {
                                    "title_color": "globals\/colors?id=text"
                                }
                            },
                            "elements": [],
                            "isInner": false,
                            "widgetType": "heading",
                            "elType": "widget"
                        }
                    ],
                    "isInner": false,
                    "elType": "column"
                }
            ],
            "isInner": false,
            "elType": "section"
        },
        {
            "id": "1228be4b",
            "settings": {
                "padding": {
                    "unit": "em",
                    "top": "5",
                    "right": "0",
                    "bottom": "7",
                    "left": "0",
                    "isLinked": false
                },
                "padding_tablet": {
                    "unit": "em",
                    "top": "1",
                    "right": "0",
                    "bottom": "3",
                    "left": "0",
                    "isLinked": false
                },
                "padding_mobile": {
                    "unit": "em",
                    "top": "0",
                    "right": "0",
                    "bottom": "2",
                    "left": "0",
                    "isLinked": false
                }
            },
            "elements": [
                {
                    "id": "731883e1",
                    "settings": {
                        "_column_size": 100,
                        "_inline_size": null
                    },
                    "elements": [
                        {
                            "id": "2806c5d1",
                            "settings": {
                                "content_width": {
                                    "unit": "px",
                                    "size": 720,
                                    "sizes": []
                                }
                            },
                            "elements": [
                                {
                                    "id": "445ad826",
                                    "settings": {
                                        "_column_size": 100,
                                        "_inline_size": null,
                                        "padding": {
                                            "unit": "em",
                                            "top": "2",
                                            "right": "2",
                                            "bottom": "2",
                                            "left": "2",
                                            "isLinked": true
                                        },
                                        "padding_tablet": {
                                            "unit": "em",
                                            "top": "",
                                            "right": "",
                                            "bottom": "",
                                            "left": "",
                                            "isLinked": true
                                        },
                                        "padding_mobile": {
                                            "unit": "em",
                                            "top": "1",
                                            "right": "1",
                                            "bottom": "1",
                                            "left": "1",
                                            "isLinked": true
                                        },
                                        "animation": "fadeInUp"
                                    },
                                    "elements": [
                                        {
                                            "id": "5ce375d6",
                                            "settings": {
                                                "title": "Common Questions",
                                                "header_size": "h6",
                                                "align": "center"
                                            },
                                            "elements": [],
                                            "isInner": false,
                                            "widgetType": "heading",
                                            "elType": "widget"
                                        },
                                        {
                                            "id": "63666b7b",
                                            "settings": {
                                                "title": "Most Popular Questions",
                                                "align": "center"
                                            },
                                            "elements": [],
                                            "isInner": false,
                                            "widgetType": "heading",
                                            "elType": "widget"
                                        },
                                        {
                                            "id": "1ac74cd2",
                                            "settings": {
                                                "editor": "<p>Lorem ipsum dolor sit amet, consectetur adipiscing elit.\u00a0<\/p>",
                                                "align": "center"
                                            },
                                            "elements": [],
                                            "isInner": false,
                                            "widgetType": "text-editor",
                                            "elType": "widget"
                                        }
                                    ],
                                    "isInner": true,
                                    "elType": "column"
                                }
                            ],
                            "isInner": true,
                            "elType": "section"
                        },
                        {
                            "id": "3d99833",
                            "settings": {
                                "structure": "20"
                            },
                            "elements": [
                                {
                                    "id": "6c08e1a4",
                                    "settings": {
                                        "_column_size": 50,
                                        "_inline_size": null,
                                        "padding": {
                                            "unit": "em",
                                            "top": "1",
                                            "right": "1",
                                            "bottom": "1",
                                            "left": "1",
                                            "isLinked": true
                                        },
                                        "padding_tablet": {
                                            "unit": "em",
                                            "top": "",
                                            "right": "",
                                            "bottom": "",
                                            "left": "",
                                            "isLinked": true
                                        },
                                        "padding_mobile": {
                                            "unit": "em",
                                            "top": "",
                                            "right": "",
                                            "bottom": "",
                                            "left": "",
                                            "isLinked": true
                                        },
                                        "animation": "fadeInLeft"
                                    },
                                    "elements": [
                                        {
                                            "id": "5b4e82dc",
                                            "settings": {
                                                "ekit_accordion_items": [
                                                    {
                                                        "acc_title": "Ante cras euismod nibh dignissim rutrum suscipit?",
                                                        "ekit_acc_is_active": "yes",
                                                        "_id": "e507deb",
                                                        "acc_content": "<p>Cras efficitur dictumst sodales vitae dictum dui pharetra etiam. Odio neque quis vehicula bibendum vel letius condimentum proin sed duis. Vivamus nascetur nibh sed per at a maecenas.<\/p>"
                                                    },
                                                    {
                                                        "acc_title": "Lectus sem magnis pretium turpis nisi?",
                                                        "_id": "49e7c7d",
                                                        "acc_content": "<p>Cras efficitur dictumst sodales vitae dictum dui pharetra etiam. Odio neque quis vehicula bibendum vel letius condimentum proin sed duis. Vivamus nascetur nibh sed per at a maecenas.<\/p>"
                                                    },
                                                    {
                                                        "acc_title": "Sed felis natoque arcu odio parturient?",
                                                        "_id": "8335d25",
                                                        "acc_content": "<p>Cras efficitur dictumst sodales vitae dictum dui pharetra etiam. Odio neque quis vehicula bibendum vel letius condimentum proin sed duis. Vivamus nascetur nibh sed per at a maecenas.<\/p>"
                                                    },
                                                    {
                                                        "acc_title": "Nisi libero ullamcorper feugiat risus non inceptos?",
                                                        "acc_content": "<p>Cras efficitur dictumst sodales vitae dictum dui pharetra etiam. Odio neque quis vehicula bibendum vel letius condimentum proin sed duis. Vivamus nascetur nibh sed per at a maecenas.<\/p>",
                                                        "_id": "4186db9"
                                                    },
                                                    {
                                                        "acc_title": "Conubia vehicula erat venenatis sociosqu iaculis elementum?",
                                                        "acc_content": "<p>Cras efficitur dictumst sodales vitae dictum dui pharetra etiam. Odio neque quis vehicula bibendum vel letius condimentum proin sed duis. Vivamus nascetur nibh sed per at a maecenas.<\/p>",
                                                        "_id": "d6fced5"
                                                    }
                                                ],
                                                "ekit_accordion_title_typography_typography": "custom",
                                                "ekit_accordion_title_typography_font_family": "Oswald",
                                                "ekit_accordion_title_typography_font_size": {
                                                    "unit": "px",
                                                    "size": 18,
                                                    "sizes": []
                                                },
                                                "ekit_accordion_title_typography_font_size_tablet": {
                                                    "unit": "px",
                                                    "size": 16,
                                                    "sizes": []
                                                },
                                                "ekit_accordion_title_typography_font_size_mobile": {
                                                    "unit": "px",
                                                    "size": 14,
                                                    "sizes": []
                                                },
                                                "ekit_accordion_title_typography_font_weight": "500",
                                                "ekit_accordion_title_typography_line_height": {
                                                    "unit": "em",
                                                    "size": 1.399999999999999911182158029987476766109466552734375,
                                                    "sizes": []
                                                },
                                                "ekit_accordion_title_typography_word_spacing": {
                                                    "unit": "em",
                                                    "size": "",
                                                    "sizes": []
                                                },
                                                "ekit_accordion_title_color": "#E73223",
                                                "ekit_accordion_background_background": "classic",
                                                "ekit_accordion_background_color": "#F5F5F500",
                                                "ekit_accordion_title_border_open_border": "solid",
                                                "ekit_accordion_title_border_open_width": {
                                                    "unit": "px",
                                                    "top": "0",
                                                    "right": "0",
                                                    "bottom": "1",
                                                    "left": "0",
                                                    "isLinked": false
                                                },
                                                "ekit_accordion_title_padding": {
                                                    "unit": "px",
                                                    "top": "28",
                                                    "right": "14",
                                                    "bottom": "28",
                                                    "left": "14",
                                                    "isLinked": false
                                                },
                                                "__globals__": {
                                                    "ekit_accordion_title_typography_typography": "globals\/typography?id=7044a64",
                                                    "ekit_accordion_title_color": "globals\/colors?id=df5eae3",
                                                    "ekit_accordion_background_color": "",
                                                    "ekit_accordion_title_border_open_color": "globals\/colors?id=639e8dd",
                                                    "ekit_accordion_title_color_close": "globals\/colors?id=secondary",
                                                    "ekit_accordion_title_border_close_color": "globals\/colors?id=4d462f5"
                                                },
                                                "ekit_accordion_background_close_background": "classic",
                                                "ekit_accordion_background_close_color": "#02010100",
                                                "ekit_accordion_title_border_close_border": "solid",
                                                "ekit_accordion_title_border_close_width": {
                                                    "unit": "px",
                                                    "top": "0",
                                                    "right": "0",
                                                    "bottom": "1",
                                                    "left": "0",
                                                    "isLinked": false
                                                },
                                                "ekit_accordion_content_padding": {
                                                    "unit": "px",
                                                    "top": "28",
                                                    "right": "14",
                                                    "bottom": "28",
                                                    "left": "14",
                                                    "isLinked": false
                                                }
                                            },
                                            "elements": [],
                                            "isInner": false,
                                            "widgetType": "elementskit-accordion",
                                            "elType": "widget"
                                        }
                                    ],
                                    "isInner": true,
                                    "elType": "column"
                                },
                                {
                                    "id": "f2b96f2",
                                    "settings": {
                                        "_column_size": 50,
                                        "_inline_size": null,
                                        "padding": {
                                            "unit": "em",
                                            "top": "1",
                                            "right": "1",
                                            "bottom": "1",
                                            "left": "1",
                                            "isLinked": true
                                        },
                                        "padding_tablet": {
                                            "unit": "em",
                                            "top": "",
                                            "right": "",
                                            "bottom": "",
                                            "left": "",
                                            "isLinked": true
                                        },
                                        "padding_mobile": {
                                            "unit": "em",
                                            "top": "",
                                            "right": "",
                                            "bottom": "",
                                            "left": "",
                                            "isLinked": true
                                        },
                                        "animation": "fadeInRight"
                                    },
                                    "elements": [
                                        {
                                            "id": "2b3cac40",
                                            "settings": {
                                                "ekit_accordion_items": [
                                                    {
                                                        "acc_title": "Ante cras euismod nibh dignissim rutrum suscipit?",
                                                        "ekit_acc_is_active": "yes",
                                                        "_id": "e507deb",
                                                        "acc_content": "<p>Cras efficitur dictumst sodales vitae dictum dui pharetra etiam. Odio neque quis vehicula bibendum vel letius condimentum proin sed duis. Vivamus nascetur nibh sed per at a maecenas.<\/p>"
                                                    },
                                                    {
                                                        "acc_title": "Lectus sem magnis pretium turpis nisi?",
                                                        "_id": "49e7c7d",
                                                        "acc_content": "<p>Cras efficitur dictumst sodales vitae dictum dui pharetra etiam. Odio neque quis vehicula bibendum vel letius condimentum proin sed duis. Vivamus nascetur nibh sed per at a maecenas.<\/p>"
                                                    },
                                                    {
                                                        "acc_title": "Sed felis natoque arcu odio parturient?",
                                                        "_id": "8335d25",
                                                        "acc_content": "<p>Cras efficitur dictumst sodales vitae dictum dui pharetra etiam. Odio neque quis vehicula bibendum vel letius condimentum proin sed duis. Vivamus nascetur nibh sed per at a maecenas.<\/p>"
                                                    },
                                                    {
                                                        "acc_title": "Nisi libero ullamcorper feugiat risus non inceptos?",
                                                        "acc_content": "<p>Cras efficitur dictumst sodales vitae dictum dui pharetra etiam. Odio neque quis vehicula bibendum vel letius condimentum proin sed duis. Vivamus nascetur nibh sed per at a maecenas.<\/p>",
                                                        "_id": "4186db9"
                                                    },
                                                    {
                                                        "acc_title": "Conubia vehicula erat venenatis sociosqu iaculis elementum?",
                                                        "acc_content": "<p>Cras efficitur dictumst sodales vitae dictum dui pharetra etiam. Odio neque quis vehicula bibendum vel letius condimentum proin sed duis. Vivamus nascetur nibh sed per at a maecenas.<\/p>",
                                                        "_id": "d6fced5"
                                                    }
                                                ],
                                                "ekit_accordion_title_typography_typography": "custom",
                                                "ekit_accordion_title_typography_font_family": "Oswald",
                                                "ekit_accordion_title_typography_font_size": {
                                                    "unit": "px",
                                                    "size": 18,
                                                    "sizes": []
                                                },
                                                "ekit_accordion_title_typography_font_size_tablet": {
                                                    "unit": "px",
                                                    "size": 16,
                                                    "sizes": []
                                                },
                                                "ekit_accordion_title_typography_font_size_mobile": {
                                                    "unit": "px",
                                                    "size": 14,
                                                    "sizes": []
                                                },
                                                "ekit_accordion_title_typography_font_weight": "500",
                                                "ekit_accordion_title_typography_line_height": {
                                                    "unit": "em",
                                                    "size": 1.399999999999999911182158029987476766109466552734375,
                                                    "sizes": []
                                                },
                                                "ekit_accordion_title_typography_word_spacing": {
                                                    "unit": "em",
                                                    "size": "",
                                                    "sizes": []
                                                },
                                                "ekit_accordion_title_color": "#E73223",
                                                "ekit_accordion_background_background": "classic",
                                                "ekit_accordion_background_color": "#F5F5F500",
                                                "ekit_accordion_title_border_open_border": "solid",
                                                "ekit_accordion_title_border_open_width": {
                                                    "unit": "px",
                                                    "top": "0",
                                                    "right": "0",
                                                    "bottom": "1",
                                                    "left": "0",
                                                    "isLinked": false
                                                },
                                                "ekit_accordion_title_padding": {
                                                    "unit": "px",
                                                    "top": "28",
                                                    "right": "14",
                                                    "bottom": "28",
                                                    "left": "14",
                                                    "isLinked": false
                                                },
                                                "__globals__": {
                                                    "ekit_accordion_title_typography_typography": "globals\/typography?id=7044a64",
                                                    "ekit_accordion_title_color": "globals\/colors?id=df5eae3",
                                                    "ekit_accordion_background_color": "",
                                                    "ekit_accordion_title_border_open_color": "globals\/colors?id=639e8dd",
                                                    "ekit_accordion_title_color_close": "globals\/colors?id=secondary",
                                                    "ekit_accordion_title_border_close_color": "globals\/colors?id=4d462f5"
                                                },
                                                "ekit_accordion_background_close_background": "classic",
                                                "ekit_accordion_background_close_color": "#02010100",
                                                "ekit_accordion_title_border_close_border": "solid",
                                                "ekit_accordion_title_border_close_width": {
                                                    "unit": "px",
                                                    "top": "0",
                                                    "right": "0",
                                                    "bottom": "1",
                                                    "left": "0",
                                                    "isLinked": false
                                                },
                                                "ekit_accordion_content_padding": {
                                                    "unit": "px",
                                                    "top": "28",
                                                    "right": "14",
                                                    "bottom": "28",
                                                    "left": "14",
                                                    "isLinked": false
                                                }
                                            },
                                            "elements": [],
                                            "isInner": false,
                                            "widgetType": "elementskit-accordion",
                                            "elType": "widget"
                                        }
                                    ],
                                    "isInner": true,
                                    "elType": "column"
                                }
                            ],
                            "isInner": true,
                            "elType": "section"
                        }
                    ],
                    "isInner": false,
                    "elType": "column"
                }
            ],
            "isInner": false,
            "elType": "section"
        },
        {
            "id": "6769d9d7",
            "settings": {
                "background_background": "classic",
                "background_overlay_background": "classic",
                "background_overlay_image": {
                    "url": "http:\/\/point.moxcreative.com\/populi\/wp-content\/uploads\/sites\/7\/2022\/04\/political-speech.jpg",
                    "id": 63,
                    "alt": "Political speech",
                    "source": "library"
                },
                "background_overlay_position": "center center",
                "background_overlay_repeat": "no-repeat",
                "background_overlay_size": "cover",
                "padding": {
                    "unit": "em",
                    "top": "7",
                    "right": "0",
                    "bottom": "10",
                    "left": "0",
                    "isLinked": false
                },
                "padding_tablet": {
                    "unit": "em",
                    "top": "3",
                    "right": "0",
                    "bottom": "10",
                    "left": "0",
                    "isLinked": false
                },
                "padding_mobile": {
                    "unit": "em",
                    "top": "",
                    "right": "",
                    "bottom": "",
                    "left": "",
                    "isLinked": true
                },
                "__globals__": {
                    "background_color": "globals\/colors?id=044b931"
                }
            },
            "elements": [
                {
                    "id": "463c09cd",
                    "settings": {
                        "_column_size": 100,
                        "_inline_size": null,
                        "margin": {
                            "unit": "%",
                            "top": "0",
                            "right": "0",
                            "bottom": "0",
                            "left": "50",
                            "isLinked": false
                        },
                        "margin_tablet": {
                            "unit": "%",
                            "top": "",
                            "right": "",
                            "bottom": "",
                            "left": "",
                            "isLinked": true
                        },
                        "margin_mobile": {
                            "unit": "%",
                            "top": "0",
                            "right": "0",
                            "bottom": "0",
                            "left": "0",
                            "isLinked": false
                        },
                        "padding": {
                            "unit": "em",
                            "top": "2",
                            "right": "2",
                            "bottom": "2",
                            "left": "2",
                            "isLinked": true
                        },
                        "padding_tablet": {
                            "unit": "em",
                            "top": "",
                            "right": "",
                            "bottom": "",
                            "left": "",
                            "isLinked": true
                        },
                        "padding_mobile": {
                            "unit": "em",
                            "top": "",
                            "right": "",
                            "bottom": "",
                            "left": "",
                            "isLinked": true
                        },
                        "animation": "bounceInLeft"
                    },
                    "elements": [
                        {
                            "id": "325aeda9",
                            "settings": {
                                "title": "Support Us",
                                "header_size": "h6",
                                "align_mobile": "center",
                                "__globals__": {
                                    "title_color": "globals\/colors?id=text"
                                }
                            },
                            "elements": [],
                            "isInner": false,
                            "widgetType": "heading",
                            "elType": "widget"
                        },
                        {
                            "id": "67316fab",
                            "settings": {
                                "title": "We are building a better and brighter future\n",
                                "align_mobile": "center",
                                "__globals__": {
                                    "title_color": "globals\/colors?id=text"
                                }
                            },
                            "elements": [],
                            "isInner": false,
                            "widgetType": "heading",
                            "elType": "widget"
                        },
                        {
                            "id": "3f72dc5b",
                            "settings": {
                                "editor": "<p>Maecenas habitant class orci in tellus phasellus pharetra fusce cursus nisl a nullam consectetur penatibus<\/p>",
                                "align_mobile": "center",
                                "__globals__": {
                                    "text_color": "globals\/colors?id=text"
                                }
                            },
                            "elements": [],
                            "isInner": false,
                            "widgetType": "text-editor",
                            "elType": "widget"
                        },
                        {
                            "id": "62dbf268",
                            "settings": {
                                "text": "Support Us",
                                "align_mobile": "center",
                                "size": "md"
                            },
                            "elements": [],
                            "isInner": false,
                            "widgetType": "button",
                            "elType": "widget"
                        }
                    ],
                    "isInner": false,
                    "elType": "column"
                }
            ],
            "isInner": false,
            "elType": "section"
        },
        {
            "id": "7f90b4a1",
            "settings": [],
            "elements": [
                {
                    "id": "208079eb",
                    "settings": {
                        "_column_size": 100,
                        "_inline_size": null,
                        "margin": {
                            "unit": "em",
                            "top": "-7",
                            "right": "0",
                            "bottom": "0",
                            "left": "0",
                            "isLinked": false
                        },
                        "margin_tablet": {
                            "unit": "em",
                            "top": "",
                            "right": "",
                            "bottom": "",
                            "left": "",
                            "isLinked": true
                        },
                        "margin_mobile": {
                            "unit": "em",
                            "top": "",
                            "right": "",
                            "bottom": "",
                            "left": "",
                            "isLinked": true
                        },
                        "padding": {
                            "unit": "px",
                            "top": "0",
                            "right": "0",
                            "bottom": "0",
                            "left": "0",
                            "isLinked": true
                        }
                    },
                    "elements": [
                        {
                            "id": "4343b97e",
                            "settings": {
                                "structure": "30"
                            },
                            "elements": [
                                {
                                    "id": "515094b7",
                                    "settings": {
                                        "_column_size": 33,
                                        "_inline_size": null,
                                        "background_background": "classic",
                                        "box_shadow_box_shadow_type": "yes",
                                        "box_shadow_box_shadow": {
                                            "horizontal": 0,
                                            "vertical": 0,
                                            "blur": 30,
                                            "spread": 0,
                                            "color": "rgba(0, 0, 0, 0.1)"
                                        },
                                        "margin": {
                                            "unit": "px",
                                            "top": "10",
                                            "right": "10",
                                            "bottom": "10",
                                            "left": "10",
                                            "isLinked": true
                                        },
                                        "padding": {
                                            "unit": "em",
                                            "top": "2",
                                            "right": "2",
                                            "bottom": "2",
                                            "left": "2",
                                            "isLinked": true
                                        },
                                        "padding_tablet": {
                                            "unit": "em",
                                            "top": "2",
                                            "right": "1",
                                            "bottom": "2",
                                            "left": "1",
                                            "isLinked": false
                                        },
                                        "padding_mobile": {
                                            "unit": "em",
                                            "top": "2",
                                            "right": "2",
                                            "bottom": "2",
                                            "left": "2",
                                            "isLinked": true
                                        },
                                        "animation": "fadeInUp",
                                        "__globals__": {
                                            "background_color": "globals\/colors?id=text"
                                        }
                                    },
                                    "elements": [
                                        {
                                            "id": "425da097",
                                            "settings": {
                                                "selected_icon": {
                                                    "value": "material-icons md-how_to_vote",
                                                    "library": "material-design-icons"
                                                },
                                                "view": "framed",
                                                "title_text": "Vote Us",
                                                "description_text": "Suspendisse erat dignissim ac porta metus accumsan habitasse eu turpis leo aenean",
                                                "title_size": "h4",
                                                "icon_size": {
                                                    "unit": "px",
                                                    "size": 35,
                                                    "sizes": []
                                                },
                                                "__globals__": {
                                                    "primary_color": "globals\/colors?id=df5eae3",
                                                    "secondary_color": "globals\/colors?id=text"
                                                }
                                            },
                                            "elements": [],
                                            "isInner": false,
                                            "widgetType": "icon-box",
                                            "elType": "widget"
                                        },
                                        {
                                            "id": "5e82df16",
                                            "settings": {
                                                "text": "Find Program",
                                                "align": "center"
                                            },
                                            "elements": [],
                                            "isInner": false,
                                            "widgetType": "button",
                                            "elType": "widget"
                                        }
                                    ],
                                    "isInner": true,
                                    "elType": "column"
                                },
                                {
                                    "id": "32485ead",
                                    "settings": {
                                        "_column_size": 33,
                                        "_inline_size": null,
                                        "background_background": "classic",
                                        "box_shadow_box_shadow_type": "yes",
                                        "box_shadow_box_shadow": {
                                            "horizontal": 0,
                                            "vertical": 0,
                                            "blur": 30,
                                            "spread": 0,
                                            "color": "rgba(0, 0, 0, 0.1)"
                                        },
                                        "margin": {
                                            "unit": "px",
                                            "top": "10",
                                            "right": "10",
                                            "bottom": "10",
                                            "left": "10",
                                            "isLinked": true
                                        },
                                        "padding": {
                                            "unit": "em",
                                            "top": "2",
                                            "right": "2",
                                            "bottom": "2",
                                            "left": "2",
                                            "isLinked": true
                                        },
                                        "padding_tablet": {
                                            "unit": "em",
                                            "top": "2",
                                            "right": "1",
                                            "bottom": "2",
                                            "left": "1",
                                            "isLinked": false
                                        },
                                        "padding_mobile": {
                                            "unit": "em",
                                            "top": "2",
                                            "right": "2",
                                            "bottom": "2",
                                            "left": "2",
                                            "isLinked": true
                                        },
                                        "animation": "fadeInUp",
                                        "animation_delay": 240,
                                        "__globals__": {
                                            "background_color": "globals\/colors?id=text"
                                        }
                                    },
                                    "elements": [
                                        {
                                            "id": "2e070494",
                                            "settings": {
                                                "selected_icon": {
                                                    "value": "far fa-calendar-alt",
                                                    "library": "fa-regular"
                                                },
                                                "view": "framed",
                                                "title_text": "Our Events",
                                                "description_text": "Suspendisse erat dignissim ac porta metus accumsan habitasse eu turpis leo aenean",
                                                "title_size": "h4",
                                                "icon_size": {
                                                    "unit": "px",
                                                    "size": 35,
                                                    "sizes": []
                                                },
                                                "__globals__": {
                                                    "primary_color": "globals\/colors?id=df5eae3",
                                                    "secondary_color": "globals\/colors?id=text"
                                                }
                                            },
                                            "elements": [],
                                            "isInner": false,
                                            "widgetType": "icon-box",
                                            "elType": "widget"
                                        },
                                        {
                                            "id": "647ce485",
                                            "settings": {
                                                "text": "Get Ticket",
                                                "align": "center"
                                            },
                                            "elements": [],
                                            "isInner": false,
                                            "widgetType": "button",
                                            "elType": "widget"
                                        }
                                    ],
                                    "isInner": true,
                                    "elType": "column"
                                },
                                {
                                    "id": "5e656dc4",
                                    "settings": {
                                        "_column_size": 33,
                                        "_inline_size": null,
                                        "background_background": "classic",
                                        "box_shadow_box_shadow_type": "yes",
                                        "box_shadow_box_shadow": {
                                            "horizontal": 0,
                                            "vertical": 0,
                                            "blur": 30,
                                            "spread": 0,
                                            "color": "rgba(0, 0, 0, 0.1)"
                                        },
                                        "margin": {
                                            "unit": "px",
                                            "top": "10",
                                            "right": "10",
                                            "bottom": "10",
                                            "left": "10",
                                            "isLinked": true
                                        },
                                        "padding": {
                                            "unit": "em",
                                            "top": "2",
                                            "right": "2",
                                            "bottom": "2",
                                            "left": "2",
                                            "isLinked": true
                                        },
                                        "padding_tablet": {
                                            "unit": "em",
                                            "top": "2",
                                            "right": "1",
                                            "bottom": "2",
                                            "left": "1",
                                            "isLinked": false
                                        },
                                        "padding_mobile": {
                                            "unit": "em",
                                            "top": "2",
                                            "right": "2",
                                            "bottom": "2",
                                            "left": "2",
                                            "isLinked": true
                                        },
                                        "animation": "fadeInUp",
                                        "animation_delay": 480,
                                        "__globals__": {
                                            "background_color": "globals\/colors?id=text"
                                        }
                                    },
                                    "elements": [
                                        {
                                            "id": "7a83a355",
                                            "settings": {
                                                "selected_icon": {
                                                    "value": "fas fa-envelope",
                                                    "library": "fa-solid"
                                                },
                                                "view": "framed",
                                                "title_text": "Support Center",
                                                "description_text": "Suspendisse erat dignissim ac porta metus accumsan habitasse eu turpis leo aenean",
                                                "title_size": "h4",
                                                "icon_size": {
                                                    "unit": "px",
                                                    "size": 35,
                                                    "sizes": []
                                                },
                                                "__globals__": {
                                                    "primary_color": "globals\/colors?id=df5eae3",
                                                    "secondary_color": "globals\/colors?id=text"
                                                }
                                            },
                                            "elements": [],
                                            "isInner": false,
                                            "widgetType": "icon-box",
                                            "elType": "widget"
                                        },
                                        {
                                            "id": "1aca12f",
                                            "settings": {
                                                "text": "Contact Us",
                                                "align": "center"
                                            },
                                            "elements": [],
                                            "isInner": false,
                                            "widgetType": "button",
                                            "elType": "widget"
                                        }
                                    ],
                                    "isInner": true,
                                    "elType": "column"
                                }
                            ],
                            "isInner": true,
                            "elType": "section"
                        }
                    ],
                    "isInner": false,
                    "elType": "column"
                }
            ],
            "isInner": false,
            "elType": "section"
        },
        {
            "id": "63c7a69e",
            "settings": {
                "background_background": "classic",
                "padding": {
                    "unit": "em",
                    "top": "7",
                    "right": "0",
                    "bottom": "7",
                    "left": "0",
                    "isLinked": false
                },
                "padding_tablet": {
                    "unit": "em",
                    "top": "3",
                    "right": "2",
                    "bottom": "3",
                    "left": "2",
                    "isLinked": false
                },
                "padding_mobile": {
                    "unit": "em",
                    "top": "2",
                    "right": "0",
                    "bottom": "2",
                    "left": "0",
                    "isLinked": false
                },
                "__globals__": {
                    "background_color": ""
                }
            },
            "elements": [
                {
                    "id": "227b3021",
                    "settings": {
                        "_column_size": 100,
                        "_inline_size": null
                    },
                    "elements": [
                        {
                            "id": "3f020ba6",
                            "settings": {
                                "title": "Related Article",
                                "_animation": "fadeInUp"
                            },
                            "elements": [],
                            "isInner": false,
                            "widgetType": "heading",
                            "elType": "widget"
                        },
                        {
                            "id": "38621553",
                            "settings": {
                                "width": {
                                    "unit": "px",
                                    "size": 50,
                                    "sizes": []
                                },
                                "width_tablet": {
                                    "unit": "px",
                                    "size": "",
                                    "sizes": []
                                },
                                "width_mobile": {
                                    "unit": "px",
                                    "size": "",
                                    "sizes": []
                                },
                                "text": "Divider",
                                "weight": {
                                    "unit": "px",
                                    "size": 4,
                                    "sizes": []
                                },
                                "gap": {
                                    "unit": "px",
                                    "size": 7,
                                    "sizes": []
                                },
                                "__globals__": {
                                    "color": "globals\/colors?id=df5eae3"
                                }
                            },
                            "elements": [],
                            "isInner": false,
                            "widgetType": "divider",
                            "elType": "widget"
                        },
                        {
                            "id": "30a06c77",
                            "settings": {
                                "classic_columns": "4",
                                "classic_posts_per_page": 4,
                                "classic_thumbnail_size_size": "full",
                                "classic_item_ratio_mobile": {
                                    "unit": "px",
                                    "size": 0.66000000000000003108624468950438313186168670654296875,
                                    "sizes": []
                                },
                                "classic_title_tag": "div",
                                "classic_show_excerpt": "",
                                "classic_meta_separator": ".",
                                "classic_show_read_more": "",
                                "classic_read_more_text": "Read More \u00bb",
                                "cards_meta_separator": "\u2022",
                                "cards_read_more_text": "Read More \u00bb",
                                "full_content_meta_separator": "\/\/\/",
                                "classic_column_gap": {
                                    "unit": "px",
                                    "size": 21,
                                    "sizes": []
                                },
                                "classic_row_gap": {
                                    "unit": "px",
                                    "size": 21,
                                    "sizes": []
                                },
                                "classic_content_padding": {
                                    "unit": "px",
                                    "top": "28",
                                    "right": "28",
                                    "bottom": "28",
                                    "left": "28",
                                    "isLinked": true
                                },
                                "classic_content_padding_mobile": {
                                    "unit": "px",
                                    "top": "21",
                                    "right": "21",
                                    "bottom": "21",
                                    "left": "21",
                                    "isLinked": true
                                },
                                "classic_image_spacing": {
                                    "unit": "px",
                                    "size": 0,
                                    "sizes": []
                                },
                                "classic_title_spacing": {
                                    "unit": "px",
                                    "size": 14,
                                    "sizes": []
                                },
                                "classic_meta_spacing": {
                                    "unit": "px",
                                    "size": 0,
                                    "sizes": []
                                },
                                "pagination_page_limit": "5",
                                "pagination_prev_label": "&laquo; Previous",
                                "pagination_next_label": "Next &raquo;",
                                "text": "Load More",
                                "load_more_no_posts_custom_message": "No more posts to show",
                                "_animation": "fadeIn",
                                "__globals__": {
                                    "classic_box_bg_color": "globals\/colors?id=cfa1f76",
                                    "classic_title_typography_typography": "globals\/typography?id=83682a1",
                                    "classic_meta_typography_typography": "globals\/typography?id=69c152f"
                                }
                            },
                            "elements": [],
                            "isInner": false,
                            "widgetType": "posts",
                            "elType": "widget"
                        }
                    ],
                    "isInner": false,
                    "elType": "column"
                }
            ],
            "isInner": false,
            "elType": "section"
        }
    ]
}