{
    "version": "0.4",
    "title": "Gallery",
    "type": "page",
    "metadata": {
        "template_type": "single-page",
        "include_in_zip": "1",
        "elementor_pro_required": "1",
        "wp_page_template": "elementor_header_footer"
    },
    "content": [
        {
            "id": "1368d230",
            "settings": {
                "content_width": {
                    "unit": "px",
                    "size": 720,
                    "sizes": []
                },
                "content_width_tablet": {
                    "unit": "px",
                    "size": 540,
                    "sizes": []
                },
                "background_background": "classic",
                "background_overlay_background": "classic",
                "background_overlay_image": {
                    "url": "http:\/\/point.moxcreative.com\/populi\/wp-content\/uploads\/sites\/7\/2022\/04\/modern-companies-encourage-cultural-diversity-in-their-human-resources.jpg",
                    "id": 481,
                    "alt": "Modern companies encourage cultural diversity in their human resources",
                    "source": "library"
                },
                "background_overlay_position": "center center",
                "background_overlay_repeat": "no-repeat",
                "background_overlay_size": "cover",
                "padding": {
                    "unit": "em",
                    "top": "5",
                    "right": "0",
                    "bottom": "5",
                    "left": "0",
                    "isLinked": false
                },
                "padding_tablet": {
                    "unit": "em",
                    "top": "",
                    "right": "",
                    "bottom": "",
                    "left": "",
                    "isLinked": true
                },
                "padding_mobile": {
                    "unit": "em",
                    "top": "3",
                    "right": "1",
                    "bottom": "3",
                    "left": "1",
                    "isLinked": false
                },
                "__globals__": {
                    "background_color": "globals\/colors?id=044b931"
                },
                "background_image": {
                    "url": "",
                    "id": "",
                    "alt": "Photographers taking photographs at a political gathering.",
                    "source": "library"
                }
            },
            "elements": [
                {
                    "id": "265d008d",
                    "settings": {
                        "_column_size": 100,
                        "_inline_size": null,
                        "border_border": "solid",
                        "border_width": {
                            "unit": "px",
                            "top": "5",
                            "right": "5",
                            "bottom": "5",
                            "left": "5",
                            "isLinked": true
                        },
                        "padding": {
                            "unit": "em",
                            "top": "4",
                            "right": "4",
                            "bottom": "4",
                            "left": "4",
                            "isLinked": true
                        },
                        "padding_tablet": {
                            "unit": "em",
                            "top": "",
                            "right": "",
                            "bottom": "",
                            "left": "",
                            "isLinked": true
                        },
                        "padding_mobile": {
                            "unit": "em",
                            "top": "2",
                            "right": "2",
                            "bottom": "2",
                            "left": "2",
                            "isLinked": true
                        },
                        "__globals__": {
                            "border_color": "globals\/colors?id=accent"
                        },
                        "animation": "fadeInUp"
                    },
                    "elements": [
                        {
                            "id": "502e0d9a",
                            "settings": {
                                "title": "Add Your Heading Text Here",
                                "header_size": "h1",
                                "align": "center",
                                "__dynamic__": {
                                    "title": "[elementor-tag id=\"5cf8c30\" name=\"post-title\" settings=\"%7B%7D\"]"
                                },
                                "__globals__": {
                                    "title_color": "globals\/colors?id=text"
                                }
                            },
                            "elements": [],
                            "isInner": false,
                            "widgetType": "heading",
                            "elType": "widget"
                        },
                        {
                            "id": "7303394f",
                            "settings": {
                                "title": "Leadership, Experience, and values mean something",
                                "header_size": "h4",
                                "align": "center",
                                "__globals__": {
                                    "title_color": "globals\/colors?id=text"
                                }
                            },
                            "elements": [],
                            "isInner": false,
                            "widgetType": "heading",
                            "elType": "widget"
                        }
                    ],
                    "isInner": false,
                    "elType": "column"
                }
            ],
            "isInner": false,
            "elType": "section"
        },
        {
            "id": "afc035b",
            "settings": {
                "content_position": "middle",
                "structure": "20",
                "background_background": "gradient",
                "background_color": "#FFFFFF",
                "background_color_stop": {
                    "unit": "%",
                    "size": 60,
                    "sizes": []
                },
                "background_color_b": "#F5F5F5",
                "background_color_b_stop": {
                    "unit": "%",
                    "size": 0,
                    "sizes": []
                },
                "background_gradient_angle": {
                    "unit": "deg",
                    "size": 90,
                    "sizes": []
                },
                "background_overlay_background": "gradient",
                "background_overlay_color": "#F5F5F500",
                "background_overlay_color_stop": {
                    "unit": "%",
                    "size": 70,
                    "sizes": []
                },
                "background_overlay_color_b": "#FFFFFF",
                "background_overlay_color_b_stop": {
                    "unit": "%",
                    "size": 0,
                    "sizes": []
                },
                "background_overlay_opacity": {
                    "unit": "px",
                    "size": 1,
                    "sizes": []
                },
                "padding": {
                    "unit": "em",
                    "top": "7",
                    "right": "0",
                    "bottom": "7",
                    "left": "0",
                    "isLinked": false
                },
                "padding_tablet": {
                    "unit": "em",
                    "top": "3",
                    "right": "0",
                    "bottom": "3",
                    "left": "0",
                    "isLinked": false
                },
                "padding_mobile": {
                    "unit": "em",
                    "top": "2",
                    "right": "0",
                    "bottom": "2",
                    "left": "0",
                    "isLinked": false
                },
                "__globals__": {
                    "background_color": "globals\/colors?id=text",
                    "background_color_b": "globals\/colors?id=cfa1f76",
                    "background_overlay_color": "",
                    "background_overlay_color_b": "globals\/colors?id=text"
                }
            },
            "elements": [
                {
                    "id": "743ed042",
                    "settings": {
                        "_column_size": 50,
                        "_inline_size": null,
                        "padding": {
                            "unit": "em",
                            "top": "3",
                            "right": "3",
                            "bottom": "3",
                            "left": "3",
                            "isLinked": true
                        },
                        "padding_tablet": {
                            "unit": "em",
                            "top": "",
                            "right": "",
                            "bottom": "",
                            "left": "",
                            "isLinked": true
                        },
                        "padding_mobile": {
                            "unit": "em",
                            "top": "2",
                            "right": "2",
                            "bottom": "2",
                            "left": "2",
                            "isLinked": true
                        },
                        "animation": "fadeInLeft"
                    },
                    "elements": [
                        {
                            "id": "7213210a",
                            "settings": {
                                "title": "The best Capture moments",
                                "header_size": "h6"
                            },
                            "elements": [],
                            "isInner": false,
                            "widgetType": "heading",
                            "elType": "widget"
                        },
                        {
                            "id": "35eeb9cd",
                            "settings": {
                                "title": "If you want a better future, Vote for us."
                            },
                            "elements": [],
                            "isInner": false,
                            "widgetType": "heading",
                            "elType": "widget"
                        },
                        {
                            "id": "2badcb20",
                            "settings": {
                                "editor": "<p>Parturient dis torquent nostra mattis congue ut sagittis nibh luctus viverra. Enim convallis tristique magna torquent egestas dictumst consectetur. Malesuada mus dictumst orci litora nisl iaculis duis nostra enim vestibulum.<\/p>"
                            },
                            "elements": [],
                            "isInner": false,
                            "widgetType": "text-editor",
                            "elType": "widget"
                        },
                        {
                            "id": "3dd0b7e8",
                            "settings": {
                                "text": "Discover more",
                                "size": "md"
                            },
                            "elements": [],
                            "isInner": false,
                            "widgetType": "button",
                            "elType": "widget"
                        }
                    ],
                    "isInner": false,
                    "elType": "column"
                },
                {
                    "id": "2ddc818f",
                    "settings": {
                        "_column_size": 50,
                        "_inline_size": null,
                        "animation": "fadeInRight"
                    },
                    "elements": [
                        {
                            "id": "5fedfc7a",
                            "settings": {
                                "youtube_url": "https:\/\/www.youtube.com\/watch?v=XHOmBV4js_E",
                                "vimeo_url": "https:\/\/vimeo.com\/235215203",
                                "dailymotion_url": "https:\/\/www.dailymotion.com\/video\/x6tqhqb",
                                "lazy_load": "yes",
                                "show_image_overlay": "yes",
                                "image_overlay": {
                                    "url": "http:\/\/point.moxcreative.com\/populi\/wp-content\/uploads\/sites\/7\/2022\/04\/photographers-taking-photographs-at-a-political-gathering-.jpg",
                                    "id": 301,
                                    "alt": "Photographers taking photographs at a political gathering.",
                                    "source": "library"
                                },
                                "aspect_ratio": "43",
                                "_box_shadow_box_shadow_type": "yes",
                                "_box_shadow_box_shadow": {
                                    "horizontal": 21,
                                    "vertical": -21,
                                    "blur": 0,
                                    "spread": 0,
                                    "color": "#004999"
                                }
                            },
                            "elements": [],
                            "isInner": false,
                            "widgetType": "video",
                            "elType": "widget"
                        }
                    ],
                    "isInner": false,
                    "elType": "column"
                }
            ],
            "isInner": false,
            "elType": "section"
        },
        {
            "id": "716dde14",
            "settings": {
                "content_width": {
                    "unit": "px",
                    "size": 1512,
                    "sizes": []
                },
                "padding": {
                    "unit": "em",
                    "top": "0",
                    "right": "0",
                    "bottom": "7",
                    "left": "0",
                    "isLinked": false
                },
                "padding_tablet": {
                    "unit": "em",
                    "top": "0",
                    "right": "0",
                    "bottom": "3",
                    "left": "0",
                    "isLinked": false
                },
                "padding_mobile": {
                    "unit": "em",
                    "top": "",
                    "right": "",
                    "bottom": "",
                    "left": "",
                    "isLinked": true
                }
            },
            "elements": [
                {
                    "id": "20ae8743",
                    "settings": {
                        "_column_size": 100,
                        "_inline_size": null
                    },
                    "elements": [
                        {
                            "id": "661a7fad",
                            "settings": {
                                "gallery_type": "multiple",
                                "galleries": [
                                    {
                                        "gallery_title": "Campaign",
                                        "_id": "e5f96c3",
                                        "multiple_gallery": [
                                            {
                                                "id": 588,
                                                "url": "http:\/\/point.moxcreative.com\/populi\/wp-content\/uploads\/sites\/7\/2022\/04\/group-of-delegates-applauding.jpg"
                                            },
                                            {
                                                "id": 518,
                                                "url": "http:\/\/point.moxcreative.com\/populi\/wp-content\/uploads\/sites\/7\/2022\/04\/congressman.jpg"
                                            },
                                            {
                                                "id": 98,
                                                "url": "http:\/\/point.moxcreative.com\/populi\/wp-content\/uploads\/sites\/7\/2022\/04\/political-event.jpg"
                                            },
                                            {
                                                "id": 63,
                                                "url": "http:\/\/point.moxcreative.com\/populi\/wp-content\/uploads\/sites\/7\/2022\/04\/political-speech.jpg"
                                            },
                                            {
                                                "id": 301,
                                                "url": "http:\/\/point.moxcreative.com\/populi\/wp-content\/uploads\/sites\/7\/2022\/04\/photographers-taking-photographs-at-a-political-gathering-.jpg"
                                            }
                                        ]
                                    },
                                    {
                                        "gallery_title": "Conference",
                                        "multiple_gallery": [
                                            {
                                                "id": 90,
                                                "url": "http:\/\/point.moxcreative.com\/populi\/wp-content\/uploads\/sites\/7\/2022\/04\/political-leaders-at-conference.jpg"
                                            },
                                            {
                                                "id": 96,
                                                "url": "http:\/\/point.moxcreative.com\/populi\/wp-content\/uploads\/sites\/7\/2022\/04\/political-report.jpg"
                                            },
                                            {
                                                "id": 92,
                                                "url": "http:\/\/point.moxcreative.com\/populi\/wp-content\/uploads\/sites\/7\/2022\/04\/political-conference.jpg"
                                            }
                                        ],
                                        "_id": "ef71009"
                                    },
                                    {
                                        "gallery_title": "Act Campaign",
                                        "multiple_gallery": [
                                            {
                                                "id": 481,
                                                "url": "http:\/\/point.moxcreative.com\/populi\/wp-content\/uploads\/sites\/7\/2022\/04\/modern-companies-encourage-cultural-diversity-in-their-human-resources.jpg"
                                            },
                                            {
                                                "id": 480,
                                                "url": "http:\/\/point.moxcreative.com\/populi\/wp-content\/uploads\/sites\/7\/2022\/04\/people-with-placards-and-posters-on-global-strike-for-climate-change-.jpg"
                                            },
                                            {
                                                "id": 379,
                                                "url": "http:\/\/point.moxcreative.com\/populi\/wp-content\/uploads\/sites\/7\/2022\/04\/young-successful-muslim-businesswoman-in-hijab-standing-by-tribune.jpg"
                                            },
                                            {
                                                "id": 305,
                                                "url": "http:\/\/point.moxcreative.com\/populi\/wp-content\/uploads\/sites\/7\/2022\/04\/social-justice-political-protest-blm-black-lives-matter.jpg"
                                            }
                                        ],
                                        "_id": "0ab2b45"
                                    }
                                ],
                                "gap": {
                                    "unit": "px",
                                    "size": 35,
                                    "sizes": []
                                },
                                "aspect_ratio": "4:3",
                                "thumbnail_image_size": "full",
                                "show_all_galleries_label": "All",
                                "animation_line": "slide",
                                "align_filter_bar_items": "center",
                                "pointer_width": {
                                    "unit": "px",
                                    "size": 2,
                                    "sizes": []
                                },
                                "galleries_titles_gap": {
                                    "unit": "px",
                                    "size": 35,
                                    "sizes": []
                                },
                                "__globals__": {
                                    "galleries_titles_typography_typography": "globals\/typography?id=84ca66e",
                                    "galleries_title_color_normal": "globals\/colors?id=secondary",
                                    "galleries_title_color_hover": "globals\/colors?id=df5eae3",
                                    "galleries_pointer_color_hover": "globals\/colors?id=df5eae3",
                                    "galleries_title_color_active": "globals\/colors?id=secondary",
                                    "galleries_pointer_color_active": "globals\/colors?id=df5eae3"
                                },
                                "columns_tablet": 3,
                                "columns_mobile": 2,
                                "gap_tablet": {
                                    "unit": "px",
                                    "size": 21,
                                    "sizes": []
                                },
                                "_animation": "fadeIn"
                            },
                            "elements": [],
                            "isInner": false,
                            "widgetType": "gallery",
                            "elType": "widget"
                        }
                    ],
                    "isInner": false,
                    "elType": "column"
                }
            ],
            "isInner": false,
            "elType": "section"
        },
        {
            "id": "7c3116f",
            "settings": {
                "background_background": "classic",
                "background_image": {
                    "url": "http:\/\/point.moxcreative.com\/populi\/wp-content\/uploads\/sites\/7\/2022\/04\/political-speech.jpg",
                    "id": 63,
                    "alt": "Political speech",
                    "source": "library"
                },
                "background_position": "center center",
                "background_repeat": "no-repeat",
                "background_size": "cover",
                "background_overlay_background": "gradient",
                "background_overlay_color": "#0049992B",
                "background_overlay_color_b": "#133256",
                "background_overlay_color_b_stop": {
                    "unit": "%",
                    "size": 75,
                    "sizes": []
                },
                "background_overlay_gradient_type": "radial",
                "background_overlay_gradient_position": "top left",
                "background_overlay_opacity": {
                    "unit": "px",
                    "size": 1,
                    "sizes": []
                },
                "padding": {
                    "unit": "em",
                    "top": "7",
                    "right": "0",
                    "bottom": "7",
                    "left": "0",
                    "isLinked": false
                },
                "padding_tablet": {
                    "unit": "em",
                    "top": "3",
                    "right": "0",
                    "bottom": "3",
                    "left": "0",
                    "isLinked": false
                },
                "padding_mobile": {
                    "unit": "em",
                    "top": "",
                    "right": "",
                    "bottom": "",
                    "left": "",
                    "isLinked": true
                },
                "__globals__": {
                    "background_overlay_color": "",
                    "background_overlay_color_b": "globals\/colors?id=044b931"
                }
            },
            "elements": [
                {
                    "id": "5543c877",
                    "settings": {
                        "_column_size": 100,
                        "_inline_size": null,
                        "margin": {
                            "unit": "%",
                            "top": "0",
                            "right": "0",
                            "bottom": "0",
                            "left": "50",
                            "isLinked": false
                        },
                        "margin_tablet": {
                            "unit": "%",
                            "top": "0",
                            "right": "0",
                            "bottom": "0",
                            "left": "40",
                            "isLinked": false
                        },
                        "margin_mobile": {
                            "unit": "%",
                            "top": "0",
                            "right": "0",
                            "bottom": "0",
                            "left": "0",
                            "isLinked": false
                        },
                        "padding": {
                            "unit": "em",
                            "top": "2",
                            "right": "2",
                            "bottom": "2",
                            "left": "2",
                            "isLinked": true
                        },
                        "padding_tablet": {
                            "unit": "em",
                            "top": "",
                            "right": "",
                            "bottom": "",
                            "left": "",
                            "isLinked": true
                        },
                        "padding_mobile": {
                            "unit": "em",
                            "top": "1",
                            "right": "1",
                            "bottom": "1",
                            "left": "1",
                            "isLinked": true
                        },
                        "animation": "fadeInLeft"
                    },
                    "elements": [
                        {
                            "id": "10d61c93",
                            "settings": {
                                "icon_list": [
                                    {
                                        "text": "11 November 2022",
                                        "selected_icon": {
                                            "value": "far fa-calendar",
                                            "library": "fa-regular"
                                        },
                                        "_id": "af3bc6e"
                                    }
                                ],
                                "_margin": {
                                    "unit": "px",
                                    "top": "0",
                                    "right": "0",
                                    "bottom": "21",
                                    "left": "0",
                                    "isLinked": false
                                },
                                "_margin_mobile": {
                                    "unit": "px",
                                    "top": "0",
                                    "right": "0",
                                    "bottom": "14",
                                    "left": "0",
                                    "isLinked": false
                                },
                                "_padding": {
                                    "unit": "px",
                                    "top": "10",
                                    "right": "21",
                                    "bottom": "10",
                                    "left": "21",
                                    "isLinked": false
                                },
                                "_padding_mobile": {
                                    "unit": "px",
                                    "top": "7",
                                    "right": "14",
                                    "bottom": "7",
                                    "left": "14",
                                    "isLinked": false
                                },
                                "_element_width": "auto",
                                "_offset_orientation_h": "end",
                                "_background_background": "classic",
                                "__globals__": {
                                    "_background_color": "globals\/colors?id=accent",
                                    "icon_color": "globals\/colors?id=text",
                                    "text_color": "globals\/colors?id=text",
                                    "icon_typography_typography": "globals\/typography?id=112b6c4"
                                }
                            },
                            "elements": [],
                            "isInner": false,
                            "widgetType": "icon-list",
                            "elType": "widget"
                        },
                        {
                            "id": "51d9c29b",
                            "settings": {
                                "icon_list": [
                                    {
                                        "text": "Lapangan Banteng, Jakarta",
                                        "selected_icon": {
                                            "value": "fas fa-map-marker-alt",
                                            "library": "fa-solid"
                                        },
                                        "_id": "af3bc6e"
                                    }
                                ],
                                "_margin": {
                                    "unit": "px",
                                    "top": "0",
                                    "right": "0",
                                    "bottom": "21",
                                    "left": "14",
                                    "isLinked": false
                                },
                                "_margin_mobile": {
                                    "unit": "px",
                                    "top": "0",
                                    "right": "0",
                                    "bottom": "14",
                                    "left": "0",
                                    "isLinked": false
                                },
                                "_padding": {
                                    "unit": "px",
                                    "top": "10",
                                    "right": "21",
                                    "bottom": "10",
                                    "left": "21",
                                    "isLinked": false
                                },
                                "_padding_mobile": {
                                    "unit": "px",
                                    "top": "7",
                                    "right": "14",
                                    "bottom": "7",
                                    "left": "14",
                                    "isLinked": false
                                },
                                "_element_width": "auto",
                                "_offset_orientation_h": "end",
                                "_background_background": "classic",
                                "__globals__": {
                                    "_background_color": "globals\/colors?id=accent",
                                    "icon_color": "globals\/colors?id=text",
                                    "text_color": "globals\/colors?id=text",
                                    "icon_typography_typography": "globals\/typography?id=112b6c4"
                                }
                            },
                            "elements": [],
                            "isInner": false,
                            "widgetType": "icon-list",
                            "elType": "widget"
                        },
                        {
                            "id": "5110b8f6",
                            "settings": {
                                "title": "Election Campaign ",
                                "__globals__": {
                                    "title_color": "globals\/colors?id=text"
                                }
                            },
                            "elements": [],
                            "isInner": false,
                            "widgetType": "heading",
                            "elType": "widget"
                        },
                        {
                            "id": "310a1b29",
                            "settings": {
                                "editor": "<p>Urna risus himenaeos dui sociosqu purus nisi magnis. Conubia integer eu ante molestie vitae sapien dis tristique si praesent hac. Maximus blandit dignissim facilisi ut euismod odio erat.<\/p>",
                                "__globals__": {
                                    "text_color": "globals\/colors?id=text"
                                }
                            },
                            "elements": [],
                            "isInner": false,
                            "widgetType": "text-editor",
                            "elType": "widget"
                        },
                        {
                            "id": "477e98db",
                            "settings": {
                                "due_date": "2022-11-11 07:00",
                                "label_days": "Days",
                                "label_hours": "Hours",
                                "label_minutes": "Minutes",
                                "label_seconds": "Seconds",
                                "__globals__": {
                                    "digits_typography_typography": "globals\/typography?id=5d167aa",
                                    "label_typography_typography": "globals\/typography?id=520c191"
                                }
                            },
                            "elements": [],
                            "isInner": false,
                            "widgetType": "countdown",
                            "elType": "widget"
                        },
                        {
                            "id": "377ee5da",
                            "settings": {
                                "text": "Get ticket",
                                "size": "md",
                                "selected_icon": {
                                    "value": "material-icons md-call_made",
                                    "library": "material-design"
                                },
                                "icon_align": "right"
                            },
                            "elements": [],
                            "isInner": false,
                            "widgetType": "button",
                            "elType": "widget"
                        }
                    ],
                    "isInner": false,
                    "elType": "column"
                }
            ],
            "isInner": false,
            "elType": "section"
        },
        {
            "id": "1eba5003",
            "settings": {
                "structure": "30",
                "background_background": "classic",
                "padding": {
                    "unit": "em",
                    "top": "5",
                    "right": "0",
                    "bottom": "7",
                    "left": "0",
                    "isLinked": false
                },
                "padding_tablet": {
                    "unit": "em",
                    "top": "1",
                    "right": "0",
                    "bottom": "3",
                    "left": "0",
                    "isLinked": false
                },
                "padding_mobile": {
                    "unit": "em",
                    "top": "",
                    "right": "",
                    "bottom": "",
                    "left": "",
                    "isLinked": true
                },
                "__globals__": {
                    "background_color": ""
                }
            },
            "elements": [
                {
                    "id": "7c401c4b",
                    "settings": {
                        "_column_size": 33,
                        "_inline_size": null,
                        "animation": "fadeInLeft"
                    },
                    "elements": [
                        {
                            "id": "3cff9c96",
                            "settings": {
                                "image": {
                                    "url": "http:\/\/point.moxcreative.com\/populi\/wp-content\/uploads\/sites\/7\/2022\/04\/political-leaders-at-conference.jpg",
                                    "id": 90,
                                    "alt": "Political leaders at conference",
                                    "source": "library"
                                },
                                "image_size": "full",
                                "width": {
                                    "unit": "%",
                                    "size": 100,
                                    "sizes": []
                                },
                                "height": {
                                    "unit": "px",
                                    "size": 475,
                                    "sizes": []
                                },
                                "height_mobile": {
                                    "unit": "px",
                                    "size": 200,
                                    "sizes": []
                                },
                                "object-fit": "cover"
                            },
                            "elements": [],
                            "isInner": false,
                            "widgetType": "image",
                            "elType": "widget"
                        }
                    ],
                    "isInner": false,
                    "elType": "column"
                },
                {
                    "id": "729936ff",
                    "settings": {
                        "_column_size": 33,
                        "_inline_size": null,
                        "padding": {
                            "unit": "em",
                            "top": "2",
                            "right": "2",
                            "bottom": "2",
                            "left": "2",
                            "isLinked": true
                        },
                        "padding_tablet": {
                            "unit": "em",
                            "top": "",
                            "right": "",
                            "bottom": "",
                            "left": "",
                            "isLinked": true
                        },
                        "padding_mobile": {
                            "unit": "em",
                            "top": "1",
                            "right": "1",
                            "bottom": "1",
                            "left": "1",
                            "isLinked": true
                        },
                        "animation": "fadeInLeft",
                        "animation_delay": 240
                    },
                    "elements": [
                        {
                            "id": "4dbd216",
                            "settings": {
                                "title": "Our Concern Issues",
                                "header_size": "h6"
                            },
                            "elements": [],
                            "isInner": false,
                            "widgetType": "heading",
                            "elType": "widget"
                        },
                        {
                            "id": "73fc006b",
                            "settings": {
                                "title": "Right leader at right time for the right reason"
                            },
                            "elements": [],
                            "isInner": false,
                            "widgetType": "heading",
                            "elType": "widget"
                        },
                        {
                            "id": "1cc8849d",
                            "settings": {
                                "editor": "<p>Platea sit duis purus facilisis magnis tellus. Sed tellus ante tincidunt orci aliquam pellentesque. Nibh curabitur habitasse etiam pretium pede nulla interdum suscipit pharetra nascetur.<\/p>"
                            },
                            "elements": [],
                            "isInner": false,
                            "widgetType": "text-editor",
                            "elType": "widget"
                        },
                        {
                            "id": "40b9bc49",
                            "settings": {
                                "text": "More Program",
                                "size": "md"
                            },
                            "elements": [],
                            "isInner": false,
                            "widgetType": "button",
                            "elType": "widget"
                        }
                    ],
                    "isInner": false,
                    "elType": "column"
                },
                {
                    "id": "550125f7",
                    "settings": {
                        "_column_size": 33,
                        "_inline_size": null,
                        "padding": {
                            "unit": "em",
                            "top": "2",
                            "right": "2",
                            "bottom": "2",
                            "left": "2",
                            "isLinked": true
                        },
                        "padding_tablet": {
                            "unit": "em",
                            "top": "",
                            "right": "",
                            "bottom": "",
                            "left": "",
                            "isLinked": true
                        },
                        "padding_mobile": {
                            "unit": "em",
                            "top": "1",
                            "right": "1",
                            "bottom": "1",
                            "left": "1",
                            "isLinked": true
                        },
                        "animation": "fadeInRight"
                    },
                    "elements": [
                        {
                            "id": "98bb82",
                            "settings": {
                                "icon_list": [
                                    {
                                        "text": "Education System \ud83e\udc6d",
                                        "selected_icon": {
                                            "value": "",
                                            "library": ""
                                        },
                                        "_id": "0ab3bee",
                                        "link": {
                                            "url": "#",
                                            "is_external": "",
                                            "nofollow": "",
                                            "custom_attributes": ""
                                        }
                                    }
                                ],
                                "_margin": {
                                    "unit": "px",
                                    "top": "0",
                                    "right": "0",
                                    "bottom": "0",
                                    "left": "0",
                                    "isLinked": false
                                },
                                "_padding": {
                                    "unit": "px",
                                    "top": "10",
                                    "right": "10",
                                    "bottom": "10",
                                    "left": "10",
                                    "isLinked": true
                                },
                                "_background_hover_background": "classic",
                                "_border_border": "solid",
                                "_border_width": {
                                    "unit": "px",
                                    "top": "0",
                                    "right": "0",
                                    "bottom": "0",
                                    "left": "7",
                                    "isLinked": false
                                },
                                "__globals__": {
                                    "icon_typography_typography": "globals\/typography?id=83682a1",
                                    "text_color": "globals\/colors?id=secondary",
                                    "text_color_hover": "globals\/colors?id=text",
                                    "_border_color": "globals\/colors?id=d38a6c5",
                                    "_background_hover_color": "globals\/colors?id=d38a6c5"
                                }
                            },
                            "elements": [],
                            "isInner": false,
                            "widgetType": "icon-list",
                            "elType": "widget"
                        },
                        {
                            "id": "6049e1fd",
                            "settings": {
                                "icon_list": [
                                    {
                                        "text": "Public Health Issues \ud83e\udc6d",
                                        "selected_icon": {
                                            "value": "",
                                            "library": ""
                                        },
                                        "_id": "0ab3bee",
                                        "link": {
                                            "url": "#",
                                            "is_external": "",
                                            "nofollow": "",
                                            "custom_attributes": ""
                                        }
                                    }
                                ],
                                "_margin": {
                                    "unit": "px",
                                    "top": "0",
                                    "right": "0",
                                    "bottom": "0",
                                    "left": "0",
                                    "isLinked": false
                                },
                                "_padding": {
                                    "unit": "px",
                                    "top": "10",
                                    "right": "10",
                                    "bottom": "10",
                                    "left": "10",
                                    "isLinked": true
                                },
                                "_background_hover_background": "classic",
                                "_border_border": "solid",
                                "_border_width": {
                                    "unit": "px",
                                    "top": "0",
                                    "right": "0",
                                    "bottom": "0",
                                    "left": "7",
                                    "isLinked": false
                                },
                                "__globals__": {
                                    "icon_typography_typography": "globals\/typography?id=83682a1",
                                    "text_color": "globals\/colors?id=secondary",
                                    "text_color_hover": "globals\/colors?id=text",
                                    "_border_color": "globals\/colors?id=d38a6c5",
                                    "_background_hover_color": "globals\/colors?id=d38a6c5"
                                }
                            },
                            "elements": [],
                            "isInner": false,
                            "widgetType": "icon-list",
                            "elType": "widget"
                        },
                        {
                            "id": "555756c6",
                            "settings": {
                                "icon_list": [
                                    {
                                        "text": "Corruption Issues \ud83e\udc6d",
                                        "selected_icon": {
                                            "value": "",
                                            "library": ""
                                        },
                                        "_id": "0ab3bee",
                                        "link": {
                                            "url": "#",
                                            "is_external": "",
                                            "nofollow": "",
                                            "custom_attributes": ""
                                        }
                                    }
                                ],
                                "_margin": {
                                    "unit": "px",
                                    "top": "0",
                                    "right": "0",
                                    "bottom": "0",
                                    "left": "0",
                                    "isLinked": false
                                },
                                "_padding": {
                                    "unit": "px",
                                    "top": "10",
                                    "right": "10",
                                    "bottom": "10",
                                    "left": "10",
                                    "isLinked": true
                                },
                                "_background_hover_background": "classic",
                                "_border_border": "solid",
                                "_border_width": {
                                    "unit": "px",
                                    "top": "0",
                                    "right": "0",
                                    "bottom": "0",
                                    "left": "7",
                                    "isLinked": false
                                },
                                "__globals__": {
                                    "icon_typography_typography": "globals\/typography?id=83682a1",
                                    "text_color": "globals\/colors?id=secondary",
                                    "text_color_hover": "globals\/colors?id=text",
                                    "_border_color": "globals\/colors?id=d38a6c5",
                                    "_background_hover_color": "globals\/colors?id=d38a6c5"
                                }
                            },
                            "elements": [],
                            "isInner": false,
                            "widgetType": "icon-list",
                            "elType": "widget"
                        },
                        {
                            "id": "2b765369",
                            "settings": {
                                "icon_list": [
                                    {
                                        "text": "Public Transportation System \ud83e\udc6d",
                                        "selected_icon": {
                                            "value": "",
                                            "library": ""
                                        },
                                        "_id": "0ab3bee",
                                        "link": {
                                            "url": "#",
                                            "is_external": "",
                                            "nofollow": "",
                                            "custom_attributes": ""
                                        }
                                    }
                                ],
                                "_margin": {
                                    "unit": "px",
                                    "top": "0",
                                    "right": "0",
                                    "bottom": "0",
                                    "left": "0",
                                    "isLinked": false
                                },
                                "_padding": {
                                    "unit": "px",
                                    "top": "10",
                                    "right": "10",
                                    "bottom": "10",
                                    "left": "10",
                                    "isLinked": true
                                },
                                "_background_hover_background": "classic",
                                "_border_border": "solid",
                                "_border_width": {
                                    "unit": "px",
                                    "top": "0",
                                    "right": "0",
                                    "bottom": "0",
                                    "left": "7",
                                    "isLinked": false
                                },
                                "__globals__": {
                                    "icon_typography_typography": "globals\/typography?id=83682a1",
                                    "text_color": "globals\/colors?id=secondary",
                                    "text_color_hover": "globals\/colors?id=text",
                                    "_border_color": "globals\/colors?id=d38a6c5",
                                    "_background_hover_color": "globals\/colors?id=d38a6c5"
                                }
                            },
                            "elements": [],
                            "isInner": false,
                            "widgetType": "icon-list",
                            "elType": "widget"
                        },
                        {
                            "id": "3fdefdfa",
                            "settings": {
                                "icon_list": [
                                    {
                                        "text": "Climate Change Issues \ud83e\udc6d",
                                        "selected_icon": {
                                            "value": "",
                                            "library": ""
                                        },
                                        "_id": "0ab3bee",
                                        "link": {
                                            "url": "#",
                                            "is_external": "",
                                            "nofollow": "",
                                            "custom_attributes": ""
                                        }
                                    }
                                ],
                                "_margin": {
                                    "unit": "px",
                                    "top": "0",
                                    "right": "0",
                                    "bottom": "0",
                                    "left": "0",
                                    "isLinked": false
                                },
                                "_padding": {
                                    "unit": "px",
                                    "top": "10",
                                    "right": "10",
                                    "bottom": "10",
                                    "left": "10",
                                    "isLinked": true
                                },
                                "_background_hover_background": "classic",
                                "_border_border": "solid",
                                "_border_width": {
                                    "unit": "px",
                                    "top": "0",
                                    "right": "0",
                                    "bottom": "0",
                                    "left": "7",
                                    "isLinked": false
                                },
                                "__globals__": {
                                    "icon_typography_typography": "globals\/typography?id=83682a1",
                                    "text_color": "globals\/colors?id=secondary",
                                    "text_color_hover": "globals\/colors?id=text",
                                    "_border_color": "globals\/colors?id=d38a6c5",
                                    "_background_hover_color": "globals\/colors?id=d38a6c5"
                                }
                            },
                            "elements": [],
                            "isInner": false,
                            "widgetType": "icon-list",
                            "elType": "widget"
                        },
                        {
                            "id": "1cf249e7",
                            "settings": {
                                "icon_list": [
                                    {
                                        "text": "Human Right & Law \ud83e\udc6d",
                                        "selected_icon": {
                                            "value": "",
                                            "library": ""
                                        },
                                        "_id": "0ab3bee",
                                        "link": {
                                            "url": "#",
                                            "is_external": "",
                                            "nofollow": "",
                                            "custom_attributes": ""
                                        }
                                    }
                                ],
                                "_margin": {
                                    "unit": "px",
                                    "top": "0",
                                    "right": "0",
                                    "bottom": "0",
                                    "left": "0",
                                    "isLinked": false
                                },
                                "_padding": {
                                    "unit": "px",
                                    "top": "10",
                                    "right": "10",
                                    "bottom": "10",
                                    "left": "10",
                                    "isLinked": true
                                },
                                "_background_hover_background": "classic",
                                "_border_border": "solid",
                                "_border_width": {
                                    "unit": "px",
                                    "top": "0",
                                    "right": "0",
                                    "bottom": "0",
                                    "left": "7",
                                    "isLinked": false
                                },
                                "__globals__": {
                                    "icon_typography_typography": "globals\/typography?id=83682a1",
                                    "text_color": "globals\/colors?id=secondary",
                                    "text_color_hover": "globals\/colors?id=text",
                                    "_border_color": "globals\/colors?id=d38a6c5",
                                    "_background_hover_color": "globals\/colors?id=d38a6c5"
                                }
                            },
                            "elements": [],
                            "isInner": false,
                            "widgetType": "icon-list",
                            "elType": "widget"
                        }
                    ],
                    "isInner": false,
                    "elType": "column"
                }
            ],
            "isInner": false,
            "elType": "section"
        },
        {
            "id": "5b72a299",
            "settings": {
                "padding": {
                    "unit": "em",
                    "top": "0",
                    "right": "0",
                    "bottom": "7",
                    "left": "0",
                    "isLinked": false
                },
                "padding_tablet": {
                    "unit": "em",
                    "top": "3",
                    "right": "1",
                    "bottom": "3",
                    "left": "1",
                    "isLinked": false
                },
                "padding_mobile": {
                    "unit": "em",
                    "top": "0",
                    "right": "0",
                    "bottom": "0",
                    "left": "0",
                    "isLinked": false
                }
            },
            "elements": [
                {
                    "id": "1cbac88d",
                    "settings": {
                        "_column_size": 100,
                        "_inline_size": null,
                        "background_background": "gradient",
                        "background_gradient_angle": {
                            "unit": "deg",
                            "size": 135,
                            "sizes": []
                        },
                        "__globals__": {
                            "background_color": "globals\/colors?id=044b931",
                            "background_color_b": "globals\/colors?id=639e8dd"
                        }
                    },
                    "elements": [
                        {
                            "id": "694336e2",
                            "settings": {
                                "content_position": "middle",
                                "overflow": "hidden",
                                "structure": "20"
                            },
                            "elements": [
                                {
                                    "id": "5575a3cf",
                                    "settings": {
                                        "_column_size": 50,
                                        "_inline_size": 70,
                                        "_inline_size_tablet": 60,
                                        "padding": {
                                            "unit": "em",
                                            "top": "3",
                                            "right": "3",
                                            "bottom": "3",
                                            "left": "3",
                                            "isLinked": true
                                        },
                                        "padding_tablet": {
                                            "unit": "em",
                                            "top": "2",
                                            "right": "2",
                                            "bottom": "2",
                                            "left": "2",
                                            "isLinked": true
                                        },
                                        "padding_mobile": {
                                            "unit": "em",
                                            "top": "1",
                                            "right": "1",
                                            "bottom": "1",
                                            "left": "1",
                                            "isLinked": true
                                        },
                                        "animation": "fadeInLeft"
                                    },
                                    "elements": [
                                        {
                                            "id": "7738ee8e",
                                            "settings": {
                                                "title": "Become Volunteer",
                                                "header_size": "h6",
                                                "__globals__": {
                                                    "title_color": "globals\/colors?id=text"
                                                }
                                            },
                                            "elements": [],
                                            "isInner": false,
                                            "widgetType": "heading",
                                            "elType": "widget"
                                        },
                                        {
                                            "id": "1798d2a7",
                                            "settings": {
                                                "title": "Interested in joining our team? Let's make a better future. ",
                                                "__globals__": {
                                                    "title_color": "globals\/colors?id=text"
                                                }
                                            },
                                            "elements": [],
                                            "isInner": false,
                                            "widgetType": "heading",
                                            "elType": "widget"
                                        },
                                        {
                                            "id": "2b177420",
                                            "settings": {
                                                "__globals__": {
                                                    "text_color": "globals\/colors?id=text"
                                                }
                                            },
                                            "elements": [],
                                            "isInner": false,
                                            "widgetType": "text-editor",
                                            "elType": "widget"
                                        }
                                    ],
                                    "isInner": true,
                                    "elType": "column"
                                },
                                {
                                    "id": "3a5a757f",
                                    "settings": {
                                        "_column_size": 50,
                                        "_inline_size": 30,
                                        "_inline_size_tablet": 40,
                                        "padding": {
                                            "unit": "em",
                                            "top": "3",
                                            "right": "3",
                                            "bottom": "3",
                                            "left": "3",
                                            "isLinked": true
                                        },
                                        "padding_tablet": {
                                            "unit": "em",
                                            "top": "2",
                                            "right": "2",
                                            "bottom": "2",
                                            "left": "2",
                                            "isLinked": true
                                        },
                                        "padding_mobile": {
                                            "unit": "em",
                                            "top": "1",
                                            "right": "1",
                                            "bottom": "1",
                                            "left": "1",
                                            "isLinked": true
                                        },
                                        "animation": "fadeInRight"
                                    },
                                    "elements": [
                                        {
                                            "id": "1b58a90c",
                                            "settings": {
                                                "text": "Find open positions",
                                                "align": "justify",
                                                "size": "lg",
                                                "selected_icon": {
                                                    "value": "material-icons md-call_made",
                                                    "library": "material-design-icons"
                                                },
                                                "icon_align": "right",
                                                "icon_indent": {
                                                    "unit": "px",
                                                    "size": 7,
                                                    "sizes": []
                                                },
                                                "background_color": "#02010100",
                                                "border_border": "solid",
                                                "border_width": {
                                                    "unit": "px",
                                                    "top": "2",
                                                    "right": "2",
                                                    "bottom": "2",
                                                    "left": "2",
                                                    "isLinked": true
                                                },
                                                "__globals__": {
                                                    "button_text_color": "globals\/colors?id=text",
                                                    "border_color": "globals\/colors?id=text",
                                                    "hover_color": "globals\/colors?id=text",
                                                    "button_background_hover_color": "globals\/colors?id=332724a",
                                                    "button_hover_border_color": "globals\/colors?id=332724a"
                                                }
                                            },
                                            "elements": [],
                                            "isInner": false,
                                            "widgetType": "button",
                                            "elType": "widget"
                                        },
                                        {
                                            "id": "40743f5e",
                                            "settings": {
                                                "text": "Contact us for help",
                                                "align": "justify",
                                                "size": "lg",
                                                "selected_icon": {
                                                    "value": "material-icons md-call_made",
                                                    "library": "material-design-icons"
                                                },
                                                "icon_align": "right",
                                                "icon_indent": {
                                                    "unit": "px",
                                                    "size": 7,
                                                    "sizes": []
                                                },
                                                "__globals__": {
                                                    "button_text_color": "globals\/colors?id=text",
                                                    "background_color": "globals\/colors?id=df5eae3",
                                                    "hover_color": "globals\/colors?id=text",
                                                    "button_background_hover_color": "globals\/colors?id=332724a"
                                                }
                                            },
                                            "elements": [],
                                            "isInner": false,
                                            "widgetType": "button",
                                            "elType": "widget"
                                        }
                                    ],
                                    "isInner": true,
                                    "elType": "column"
                                }
                            ],
                            "isInner": true,
                            "elType": "section"
                        }
                    ],
                    "isInner": false,
                    "elType": "column"
                }
            ],
            "isInner": false,
            "elType": "section"
        }
    ]
}