{
    "version": "0.4",
    "title": "Global Kit Styles",
    "type": "section",
    "metadata": {
        "template_type": "global-styles",
        "include_in_zip": "1",
        "elementor_pro_required": "1",
        "additional_template_information": [
            "These are the global theme styles configured through the Elementor Theme Styles area."
        ],
        "wp_page_template": "default"
    },
    "content": [],
    "page_settings": {
        "system_colors": [
            {
                "_id": "primary",
                "title": "Basic font",
                "color": "#666666"
            },
            {
                "_id": "secondary",
                "title": "Header Font",
                "color": "#133256"
            },
            {
                "_id": "text",
                "title": "Netral",
                "color": "#FFFFFF"
            },
            {
                "_id": "accent",
                "title": "Transparent",
                "color": "#FFFFFF2B"
            }
        ],
        "custom_colors": [
            {
                "_id": "d49ac81",
                "title": "Button",
                "color": "#004999"
            },
            {
                "_id": "332724a",
                "title": "Button Hover",
                "color": "#00BFFF"
            },
            {
                "_id": "4d462f5",
                "title": "Line Color",
                "color": "#D5D8DA"
            },
            {
                "_id": "cfa1f76",
                "title": "Light Background",
                "color": "#F5F5F5"
            },
            {
                "_id": "044b931",
                "title": "Dark BG 1",
                "color": "#133256"
            },
            {
                "_id": "639e8dd",
                "title": "Accent 1",
                "color": "#004999"
            },
            {
                "_id": "d38a6c5",
                "title": "Accent 2",
                "color": "#00BFFF"
            },
            {
                "_id": "df5eae3",
                "title": "Accent 3",
                "color": "#E73223"
            }
        ],
        "system_typography": [
            {
                "_id": "primary",
                "title": "Primary",
                "typography_typography": "custom",
                "typography_font_family": "Roboto",
                "typography_font_weight": "600"
            },
            {
                "_id": "secondary",
                "title": "Secondary",
                "typography_typography": "custom",
                "typography_font_family": "Roboto Slab",
                "typography_font_weight": "400"
            },
            {
                "_id": "text",
                "title": "Text",
                "typography_typography": "custom",
                "typography_font_family": "Roboto",
                "typography_font_weight": "400"
            },
            {
                "_id": "accent",
                "title": "Accent",
                "typography_typography": "custom",
                "typography_font_family": "Roboto",
                "typography_font_weight": "500"
            }
        ],
        "custom_typography": [
            {
                "_id": "b2ce6af",
                "title": "Global Font",
                "typography_typography": "custom",
                "typography_font_family": "Karla",
                "typography_font_size": {
                    "unit": "px",
                    "size": 16,
                    "sizes": []
                },
                "typography_line_height": {
                    "unit": "em",
                    "size": 1.5,
                    "sizes": []
                },
                "typography_font_size_tablet": {
                    "unit": "px",
                    "size": 15,
                    "sizes": []
                },
                "typography_font_size_mobile": {
                    "unit": "px",
                    "size": 14,
                    "sizes": []
                },
                "typography_font_weight": "400",
                "typography_text_transform": "none",
                "typography_font_style": "normal"
            },
            {
                "_id": "69c152f",
                "title": "Small Font",
                "typography_typography": "custom",
                "typography_font_family": "Karla",
                "typography_font_size": {
                    "unit": "px",
                    "size": 14,
                    "sizes": []
                },
                "typography_line_height": {
                    "unit": "em",
                    "size": 1.600000000000000088817841970012523233890533447265625,
                    "sizes": []
                },
                "typography_font_size_tablet": {
                    "unit": "px",
                    "size": 13,
                    "sizes": []
                },
                "typography_font_size_mobile": {
                    "unit": "px",
                    "size": 12,
                    "sizes": []
                },
                "typography_font_weight": "400"
            },
            {
                "_id": "520c191",
                "title": "Header",
                "typography_typography": "custom",
                "typography_font_family": "Karla",
                "typography_font_size": {
                    "unit": "px",
                    "size": 16,
                    "sizes": []
                },
                "typography_font_weight": "500",
                "typography_font_size_mobile": {
                    "unit": "px",
                    "size": 14,
                    "sizes": []
                },
                "typography_font_size_tablet": {
                    "unit": "px",
                    "size": 15,
                    "sizes": []
                }
            },
            {
                "_id": "583e54c",
                "title": "H1",
                "typography_typography": "custom",
                "typography_font_family": "Oswald",
                "typography_font_size": {
                    "unit": "px",
                    "size": 72,
                    "sizes": []
                },
                "typography_font_weight": "600",
                "typography_line_height": {
                    "unit": "em",
                    "size": 1,
                    "sizes": []
                },
                "typography_font_size_tablet": {
                    "unit": "px",
                    "size": 48,
                    "sizes": []
                },
                "typography_font_size_mobile": {
                    "unit": "px",
                    "size": 38,
                    "sizes": []
                },
                "typography_text_transform": "uppercase",
                "typography_letter_spacing": {
                    "unit": "px",
                    "size": -2,
                    "sizes": []
                }
            },
            {
                "_id": "5d167aa",
                "title": "H2",
                "typography_typography": "custom",
                "typography_font_family": "Oswald",
                "typography_font_size": {
                    "unit": "px",
                    "size": 48,
                    "sizes": []
                },
                "typography_font_weight": "500",
                "typography_line_height": {
                    "unit": "em",
                    "size": 1.100000000000000088817841970012523233890533447265625,
                    "sizes": []
                },
                "typography_font_size_tablet": {
                    "unit": "px",
                    "size": 36,
                    "sizes": []
                },
                "typography_font_size_mobile": {
                    "unit": "px",
                    "size": 28,
                    "sizes": []
                },
                "typography_letter_spacing": {
                    "unit": "px",
                    "size": -1,
                    "sizes": []
                }
            },
            {
                "_id": "d3dae9a",
                "title": "H3",
                "typography_typography": "custom",
                "typography_font_family": "Oswald",
                "typography_font_size": {
                    "unit": "px",
                    "size": 36,
                    "sizes": []
                },
                "typography_font_weight": "500",
                "typography_line_height": {
                    "unit": "em",
                    "size": 1.1999999999999999555910790149937383830547332763671875,
                    "sizes": []
                },
                "typography_font_size_tablet": {
                    "unit": "px",
                    "size": 24,
                    "sizes": []
                },
                "typography_font_size_mobile": {
                    "unit": "px",
                    "size": 24,
                    "sizes": []
                },
                "typography_text_transform": "uppercase",
                "typography_font_style": "normal",
                "typography_letter_spacing": {
                    "unit": "px",
                    "size": -1,
                    "sizes": []
                }
            },
            {
                "_id": "83682a1",
                "title": "H4",
                "typography_typography": "custom",
                "typography_font_family": "Oswald",
                "typography_font_size": {
                    "unit": "px",
                    "size": 24,
                    "sizes": []
                },
                "typography_font_weight": "500",
                "typography_line_height": {
                    "unit": "em",
                    "size": 1.3000000000000000444089209850062616169452667236328125,
                    "sizes": []
                },
                "typography_font_size_tablet": {
                    "unit": "px",
                    "size": 18,
                    "sizes": []
                },
                "typography_font_size_mobile": {
                    "unit": "px",
                    "size": 18,
                    "sizes": []
                },
                "typography_text_transform": "none",
                "typography_font_style": "normal"
            },
            {
                "_id": "7044a64",
                "title": "H5",
                "typography_typography": "custom",
                "typography_font_family": "Oswald",
                "typography_font_size": {
                    "unit": "px",
                    "size": 18,
                    "sizes": []
                },
                "typography_font_weight": "500",
                "typography_line_height": {
                    "unit": "em",
                    "size": 1.399999999999999911182158029987476766109466552734375,
                    "sizes": []
                },
                "typography_font_size_tablet": {
                    "unit": "px",
                    "size": 16,
                    "sizes": []
                },
                "typography_font_size_mobile": {
                    "unit": "px",
                    "size": 14,
                    "sizes": []
                }
            },
            {
                "_id": "84ca66e",
                "title": "H6",
                "typography_typography": "custom",
                "typography_font_family": "Oswald",
                "typography_font_size": {
                    "unit": "px",
                    "size": 16,
                    "sizes": []
                },
                "typography_font_weight": "500",
                "typography_line_height": {
                    "unit": "em",
                    "size": 1.5,
                    "sizes": []
                },
                "typography_font_size_tablet": {
                    "unit": "px",
                    "size": 15,
                    "sizes": []
                },
                "typography_font_size_mobile": {
                    "unit": "px",
                    "size": 14,
                    "sizes": []
                },
                "typography_letter_spacing": {
                    "unit": "px",
                    "size": 2,
                    "sizes": []
                },
                "typography_text_transform": "uppercase"
            },
            {
                "_id": "112b6c4",
                "title": "Footer",
                "typography_typography": "custom",
                "typography_font_family": "Karla",
                "typography_font_size": {
                    "unit": "px",
                    "size": 13,
                    "sizes": []
                },
                "typography_font_weight": "400",
                "typography_font_size_tablet": {
                    "unit": "px",
                    "size": 12,
                    "sizes": []
                },
                "typography_font_size_mobile": {
                    "unit": "px",
                    "size": 11,
                    "sizes": []
                }
            },
            {
                "_id": "a435f28",
                "title": "Big Hero",
                "typography_typography": "custom",
                "typography_font_family": "Oswald",
                "typography_font_size": {
                    "unit": "px",
                    "size": 200,
                    "sizes": []
                },
                "typography_font_size_tablet": {
                    "unit": "px",
                    "size": 99,
                    "sizes": []
                },
                "typography_font_size_mobile": {
                    "unit": "px",
                    "size": 52,
                    "sizes": []
                },
                "typography_font_weight": "700",
                "typography_text_transform": "uppercase",
                "typography_line_height": {
                    "unit": "em",
                    "size": 1,
                    "sizes": []
                },
                "typography_letter_spacing": {
                    "unit": "px",
                    "size": -2,
                    "sizes": []
                }
            }
        ],
        "default_generic_fonts": "Sans-serif",
        "button_typography_typography": "custom",
        "button_typography_font_weight": "500",
        "button_border_border": "solid",
        "button_border_width": {
            "unit": "px",
            "top": "0",
            "right": "0",
            "bottom": "0",
            "left": "0",
            "isLinked": true
        },
        "button_border_radius": {
            "unit": "px",
            "top": "0",
            "right": "0",
            "bottom": "0",
            "left": "0",
            "isLinked": true
        },
        "button_hover_border_border": "solid",
        "button_hover_border_width": {
            "unit": "px",
            "top": "0",
            "right": "0",
            "bottom": "0",
            "left": "0",
            "isLinked": true
        },
        "form_label_typography_typography": "custom",
        "form_label_typography_font_weight": "600",
        "form_label_typography_line_height": {
            "unit": "em",
            "size": 1.5,
            "sizes": []
        },
        "form_field_border_border": "solid",
        "form_field_border_width": {
            "unit": "px",
            "top": "1",
            "right": "1",
            "bottom": "1",
            "left": "1",
            "isLinked": true
        },
        "form_field_border_radius": {
            "unit": "px",
            "top": "0",
            "right": "0",
            "bottom": "0",
            "left": "0",
            "isLinked": true
        },
        "form_field_focus_border_border": "solid",
        "form_field_focus_border_width": {
            "unit": "px",
            "top": "1",
            "right": "1",
            "bottom": "1",
            "left": "1",
            "isLinked": true
        },
        "page_title_selector": "h1.entry-title",
        "hello_footer_copyright_text": "All rights reserved",
        "activeItemIndex": 1,
        "__globals__": {
            "form_field_background_color": "globals\/colors?id=cfa1f76",
            "form_field_border_color": "globals\/colors?id=cfa1f76",
            "form_field_focus_background_color": "",
            "form_field_focus_border_color": "globals\/colors?id=df5eae3",
            "form_field_text_color": "globals\/colors?id=secondary",
            "form_field_focus_text_color": "globals\/colors?id=secondary",
            "button_text_color": "globals\/colors?id=text",
            "button_background_color": "globals\/colors?id=d49ac81",
            "button_hover_text_color": "globals\/colors?id=text",
            "button_hover_background_color": "globals\/colors?id=332724a",
            "body_typography_typography": "globals\/typography?id=b2ce6af",
            "body_color": "globals\/colors?id=primary",
            "link_normal_color": "globals\/colors?id=primary",
            "link_hover_color": "globals\/colors?id=df5eae3",
            "h1_typography_typography": "globals\/typography?id=583e54c",
            "h2_typography_typography": "globals\/typography?id=5d167aa",
            "h3_typography_typography": "globals\/typography?id=d3dae9a",
            "h4_typography_typography": "globals\/typography?id=83682a1",
            "h5_typography_typography": "globals\/typography?id=7044a64",
            "h6_typography_typography": "globals\/typography?id=84ca66e",
            "h6_color": "globals\/colors?id=df5eae3",
            "button_border_color": "globals\/colors?id=d49ac81",
            "button_hover_border_color": "globals\/colors?id=d49ac81",
            "h1_color": "globals\/colors?id=secondary",
            "h2_color": "globals\/colors?id=secondary",
            "h3_color": "globals\/colors?id=secondary",
            "h4_color": "globals\/colors?id=secondary",
            "h5_color": "globals\/colors?id=secondary",
            "form_label_color": "globals\/colors?id=secondary"
        },
        "viewport_md": 768,
        "viewport_lg": 1025,
        "container_width": {
            "unit": "px",
            "size": 1280,
            "sizes": []
        },
        "body_typography_typography": "custom",
        "body_typography_font_family": "Work Sans",
        "body_typography_font_size": {
            "unit": "px",
            "size": 16,
            "sizes": []
        },
        "body_typography_line_height": {
            "unit": "em",
            "size": 1.5,
            "sizes": []
        },
        "body_typography_word_spacing": {
            "unit": "em",
            "size": "",
            "sizes": []
        },
        "h1_typography_typography": "custom",
        "h1_typography_font_family": "IBM Plex Sans",
        "h1_typography_font_size": {
            "unit": "px",
            "size": 72,
            "sizes": []
        },
        "h1_typography_font_weight": "600",
        "h1_typography_line_height": {
            "unit": "em",
            "size": 1,
            "sizes": []
        },
        "h1_typography_letter_spacing": {
            "unit": "px",
            "size": -2,
            "sizes": []
        },
        "h1_typography_word_spacing": {
            "unit": "em",
            "size": "",
            "sizes": []
        },
        "h2_typography_typography": "custom",
        "h2_typography_font_family": "IBM Plex Sans",
        "h2_typography_font_size": {
            "unit": "px",
            "size": 48,
            "sizes": []
        },
        "h2_typography_font_weight": "600",
        "h2_typography_line_height": {
            "unit": "em",
            "size": 1.100000000000000088817841970012523233890533447265625,
            "sizes": []
        },
        "h2_typography_word_spacing": {
            "unit": "em",
            "size": "",
            "sizes": []
        },
        "h3_typography_typography": "custom",
        "h3_typography_font_family": "IBM Plex Sans",
        "h3_typography_font_size": {
            "unit": "px",
            "size": 36,
            "sizes": []
        },
        "h3_typography_font_weight": "600",
        "h3_typography_line_height": {
            "unit": "em",
            "size": 1.1999999999999999555910790149937383830547332763671875,
            "sizes": []
        },
        "h3_typography_word_spacing": {
            "unit": "em",
            "size": "",
            "sizes": []
        },
        "h4_typography_typography": "custom",
        "h4_typography_font_family": "IBM Plex Sans",
        "h4_typography_font_size": {
            "unit": "px",
            "size": 24,
            "sizes": []
        },
        "h4_typography_font_weight": "600",
        "h4_typography_line_height": {
            "unit": "em",
            "size": 1.3000000000000000444089209850062616169452667236328125,
            "sizes": []
        },
        "h4_typography_word_spacing": {
            "unit": "em",
            "size": "",
            "sizes": []
        },
        "h5_typography_typography": "custom",
        "h5_typography_font_family": "IBM Plex Sans",
        "h5_typography_font_size": {
            "unit": "px",
            "size": 18,
            "sizes": []
        },
        "h5_typography_font_weight": "600",
        "h5_typography_line_height": {
            "unit": "em",
            "size": 1.399999999999999911182158029987476766109466552734375,
            "sizes": []
        },
        "h5_typography_word_spacing": {
            "unit": "em",
            "size": "",
            "sizes": []
        },
        "h6_typography_typography": "custom",
        "h6_typography_font_family": "IBM Plex Sans",
        "h6_typography_font_size": {
            "unit": "px",
            "size": 16,
            "sizes": []
        },
        "h6_typography_font_weight": "500",
        "h6_typography_line_height": {
            "unit": "em",
            "size": 1.5,
            "sizes": []
        },
        "h6_typography_word_spacing": {
            "unit": "em",
            "size": "",
            "sizes": []
        },
        "form_field_text_color": "#25292B",
        "form_field_focus_text_color": "#25292B",
        "form_field_focus_background_color": "#FFFFFF",
        "body_typography_font_size_tablet": {
            "unit": "px",
            "size": 15,
            "sizes": []
        },
        "body_typography_font_size_mobile": {
            "unit": "px",
            "size": 14,
            "sizes": []
        },
        "h1_typography_font_size_tablet": {
            "unit": "px",
            "size": 48,
            "sizes": []
        },
        "h1_typography_font_size_mobile": {
            "unit": "px",
            "size": 38,
            "sizes": []
        },
        "h2_typography_font_size_tablet": {
            "unit": "px",
            "size": 36,
            "sizes": []
        },
        "h2_typography_font_size_mobile": {
            "unit": "px",
            "size": 28,
            "sizes": []
        },
        "h3_typography_font_size_tablet": {
            "unit": "px",
            "size": 24,
            "sizes": []
        },
        "h3_typography_font_size_mobile": {
            "unit": "px",
            "size": 24,
            "sizes": []
        },
        "h4_typography_font_size_tablet": {
            "unit": "px",
            "size": 18,
            "sizes": []
        },
        "h4_typography_font_size_mobile": {
            "unit": "px",
            "size": 18,
            "sizes": []
        },
        "h5_typography_font_size_tablet": {
            "unit": "px",
            "size": 16,
            "sizes": []
        },
        "h5_typography_font_size_mobile": {
            "unit": "px",
            "size": 14,
            "sizes": []
        },
        "h6_typography_font_size_tablet": {
            "unit": "px",
            "size": 15,
            "sizes": []
        },
        "h6_typography_font_size_mobile": {
            "unit": "px",
            "size": 14,
            "sizes": []
        },
        "form_field_box_shadow_box_shadow": {
            "horizontal": 0,
            "vertical": 0,
            "blur": 5,
            "spread": 0,
            "color": "rgba(0, 0, 0, 0.1)"
        },
        "form_field_box_shadow_box_shadow_position": "inset",
        "woocommerce_myaccount_page_id": "8",
        "woocommerce_cart_page_id": "6",
        "woocommerce_checkout_page_id": 846,
        "body_background_background": "classic",
        "body_color": "#666666",
        "body_typography_font_weight": "400",
        "body_typography_text_transform": "none",
        "body_typography_font_style": "normal",
        "link_normal_color": "#666666",
        "link_hover_color": "#25292B",
        "h1_color": "#25292B",
        "h2_color": "#25292B",
        "h3_color": "#25292B",
        "h3_typography_text_transform": "none",
        "h3_typography_font_style": "normal",
        "h4_color": "#25292B",
        "h4_typography_text_transform": "none",
        "h4_typography_font_style": "normal",
        "h5_color": "#25292B",
        "h6_color": "#D1A280",
        "button_text_color": "#25292B",
        "button_hover_text_color": "#FFFFFF",
        "button_hover_background_color": "#425A44",
        "form_label_color": "#25292B",
        "form_field_focus_box_shadow_box_shadow": {
            "horizontal": 0,
            "vertical": 0,
            "blur": 10,
            "spread": 0,
            "color": "rgba(0, 0, 0, 0.05)"
        },
        "form_field_focus_box_shadow_box_shadow_position": "inset",
        "form_field_focus_transition_duration": {
            "unit": "px",
            "size": 1,
            "sizes": []
        },
        "form_field_background_color": "#FFFFFF",
        "form_field_border_color": "#25292B",
        "form_field_focus_border_color": "#D1A280"
    }
}