{
    "version": "0.4",
    "title": "Populi &#8211; Header",
    "type": "header",
    "metadata": {
        "template_type": "section-header",
        "include_in_zip": "1",
        "elementor_pro_required": "1",
        "elementor_library_type": "header",
        "elementor_pro_conditions": [
            "include\/general"
        ],
        "additional_template_information": [
            "This is a \"Header\" template for Elementor Pro.",
            "This template will display on: Entire Site."
        ],
        "wp_page_template": "default"
    },
    "content": [
        {
            "id": "4efa321e",
            "settings": {
                "content_position": "middle",
                "structure": "20",
                "border_border": "solid",
                "border_width": {
                    "unit": "px",
                    "top": "5",
                    "right": "0",
                    "bottom": "0",
                    "left": "0",
                    "isLinked": false
                },
                "box_shadow_box_shadow_type": "yes",
                "box_shadow_box_shadow": {
                    "horizontal": 0,
                    "vertical": 0,
                    "blur": 30,
                    "spread": 0,
                    "color": "rgba(0, 0, 0, 0.05)"
                },
                "margin": {
                    "unit": "px",
                    "top": "",
                    "right": 0,
                    "bottom": "",
                    "left": 0,
                    "isLinked": true
                },
                "padding": {
                    "unit": "px",
                    "top": "7",
                    "right": "0",
                    "bottom": "7",
                    "left": "0",
                    "isLinked": false
                },
                "__globals__": {
                    "border_color": "globals\/colors?id=df5eae3"
                }
            },
            "elements": [
                {
                    "id": "c2d0c44",
                    "settings": {
                        "_column_size": 50,
                        "_inline_size": 85,
                        "padding": {
                            "unit": "px",
                            "top": "0",
                            "right": "0",
                            "bottom": "0",
                            "left": "0",
                            "isLinked": true
                        },
                        "_inline_size_tablet": 80
                    },
                    "elements": [
                        {
                            "id": "4c54c2be",
                            "settings": {
                                "content_position": "middle",
                                "structure": "20",
                                "reverse_order_tablet": "reverse-tablet",
                                "reverse_order_mobile": "reverse-mobile"
                            },
                            "elements": [
                                {
                                    "id": "71f0405a",
                                    "settings": {
                                        "_column_size": 50,
                                        "_inline_size": 20,
                                        "_inline_size_tablet": 90,
                                        "_inline_size_mobile": 80
                                    },
                                    "elements": [
                                        {
                                            "id": "6e098ba6",
                                            "settings": {
                                                "image": {
                                                    "url": "http:\/\/point.moxcreative.com\/populi\/wp-content\/uploads\/sites\/7\/2022\/04\/logo_populi.png",
                                                    "id": 51,
                                                    "alt": "",
                                                    "source": "library"
                                                },
                                                "image_size": "custom",
                                                "image_custom_dimension": {
                                                    "width": "",
                                                    "height": "49"
                                                },
                                                "align": "left",
                                                "link_to": "custom",
                                                "__dynamic__": {
                                                    "link": "[elementor-tag id=\"360a359\" name=\"site-url\" settings=\"%7B%7D\"]"
                                                },
                                                "align_mobile": "right"
                                            },
                                            "elements": [],
                                            "isInner": false,
                                            "widgetType": "image",
                                            "elType": "widget"
                                        }
                                    ],
                                    "isInner": true,
                                    "elType": "column"
                                },
                                {
                                    "id": "60be64e2",
                                    "settings": {
                                        "_column_size": 50,
                                        "_inline_size": 80,
                                        "_inline_size_tablet": 10,
                                        "_inline_size_mobile": 20
                                    },
                                    "elements": [
                                        {
                                            "id": "561e121b",
                                            "settings": {
                                                "align_items": "right",
                                                "pointer": "framed",
                                                "animation_framed": "corners",
                                                "animation_background": "shrink",
                                                "full_width": "stretch",
                                                "pointer_width": {
                                                    "unit": "px",
                                                    "size": 2,
                                                    "sizes": []
                                                },
                                                "__globals__": {
                                                    "menu_typography_typography": "globals\/typography?id=520c191",
                                                    "color_menu_item": "globals\/colors?id=secondary",
                                                    "color_menu_item_hover": "globals\/colors?id=df5eae3",
                                                    "pointer_color_menu_item_hover": "globals\/colors?id=639e8dd",
                                                    "dropdown_typography_typography": "globals\/typography?id=520c191",
                                                    "color_dropdown_item": "globals\/colors?id=secondary",
                                                    "background_color_dropdown_item": "globals\/colors?id=text",
                                                    "color_dropdown_item_hover": "globals\/colors?id=text",
                                                    "background_color_dropdown_item_hover": "globals\/colors?id=332724a",
                                                    "toggle_color": "globals\/colors?id=d49ac81",
                                                    "toggle_color_hover": "globals\/colors?id=df5eae3"
                                                },
                                                "menu_typography_typography": "custom",
                                                "menu_typography_font_family": "Karla",
                                                "menu_typography_font_size": {
                                                    "unit": "px",
                                                    "size": 16,
                                                    "sizes": []
                                                },
                                                "menu_typography_font_size_tablet": {
                                                    "unit": "px",
                                                    "size": 15,
                                                    "sizes": []
                                                },
                                                "menu_typography_font_size_mobile": {
                                                    "unit": "px",
                                                    "size": 14,
                                                    "sizes": []
                                                },
                                                "menu_typography_font_weight": "500",
                                                "menu_typography_line_height": {
                                                    "unit": "em",
                                                    "size": "",
                                                    "sizes": []
                                                },
                                                "menu_typography_word_spacing": {
                                                    "unit": "em",
                                                    "size": "",
                                                    "sizes": []
                                                },
                                                "color_menu_item": "#133256",
                                                "color_menu_item_hover": "#E73223",
                                                "pointer_color_menu_item_hover": "#00BFFF",
                                                "color_dropdown_item": "#133256",
                                                "background_color_dropdown_item": "#FFFFFF",
                                                "color_dropdown_item_hover": "#FFFFFF",
                                                "background_color_dropdown_item_hover": "#00BFFF",
                                                "dropdown_box_shadow_box_shadow_type": "yes",
                                                "dropdown_box_shadow_box_shadow": {
                                                    "horizontal": 0,
                                                    "vertical": 0,
                                                    "blur": 20,
                                                    "spread": 0,
                                                    "color": "rgba(0, 0, 0, 0.05)"
                                                },
                                                "toggle_background_color": "#02010100",
                                                "toggle_size_tablet": {
                                                    "unit": "px",
                                                    "size": 28,
                                                    "sizes": []
                                                },
                                                "dropdown_typography_line_height": {
                                                    "unit": "em",
                                                    "size": "",
                                                    "sizes": []
                                                },
                                                "dropdown_typography_line_height_tablet": {
                                                    "unit": "em",
                                                    "size": "",
                                                    "sizes": []
                                                },
                                                "dropdown_typography_line_height_mobile": {
                                                    "unit": "em",
                                                    "size": "",
                                                    "sizes": []
                                                }
                                            },
                                            "elements": [],
                                            "isInner": false,
                                            "widgetType": "nav-menu",
                                            "elType": "widget"
                                        }
                                    ],
                                    "isInner": true,
                                    "elType": "column"
                                }
                            ],
                            "isInner": true,
                            "elType": "section"
                        }
                    ],
                    "isInner": false,
                    "elType": "column"
                },
                {
                    "id": "217f0b89",
                    "settings": {
                        "_column_size": 50,
                        "_inline_size": 15,
                        "_inline_size_tablet": 20,
                        "hide_mobile": "hidden-mobile"
                    },
                    "elements": [
                        {
                            "id": "37856618",
                            "settings": {
                                "text": "Donations",
                                "align": "justify",
                                "size": "md"
                            },
                            "elements": [],
                            "isInner": false,
                            "widgetType": "button",
                            "elType": "widget"
                        }
                    ],
                    "isInner": false,
                    "elType": "column"
                }
            ],
            "isInner": false,
            "elType": "section"
        }
    ]
}