{
    "version": "0.4",
    "title": "Populi &#8211; Single Post",
    "type": "single-post",
    "metadata": {
        "template_type": "single-post",
        "include_in_zip": "1",
        "elementor_pro_required": "1",
        "elementor_library_type": "single-post",
        "elementor_pro_conditions": [
            "include\/singular\/post"
        ],
        "additional_template_information": [
            "This is a \"Single Post\" template for Elementor Pro.",
            "This template will display on: Posts."
        ],
        "wp_page_template": "default"
    },
    "content": [
        {
            "id": "189ea5e0",
            "settings": {
                "background_background": "classic",
                "background_position": "center center",
                "background_repeat": "no-repeat",
                "background_size": "cover",
                "background_overlay_background": "gradient",
                "background_overlay_gradient_angle": {
                    "unit": "deg",
                    "size": 135,
                    "sizes": []
                },
                "padding": {
                    "unit": "em",
                    "top": "10",
                    "right": "0",
                    "bottom": "7",
                    "left": "0",
                    "isLinked": false
                },
                "padding_tablet": {
                    "unit": "em",
                    "top": "5",
                    "right": "0",
                    "bottom": "5",
                    "left": "0",
                    "isLinked": false
                },
                "padding_mobile": {
                    "unit": "em",
                    "top": "3",
                    "right": "0",
                    "bottom": "3",
                    "left": "0",
                    "isLinked": false
                },
                "__dynamic__": {
                    "background_image": "[elementor-tag id=\"7c93891\" name=\"post-featured-image\" settings=\"%7B%7D\"]"
                },
                "__globals__": {
                    "background_overlay_color": "globals\/colors?id=044b931",
                    "background_overlay_color_b": "globals\/colors?id=639e8dd"
                }
            },
            "elements": [
                {
                    "id": "4920f4af",
                    "settings": {
                        "_column_size": 100,
                        "_inline_size": null,
                        "padding": {
                            "unit": "em",
                            "top": "2",
                            "right": "2",
                            "bottom": "2",
                            "left": "2",
                            "isLinked": true
                        },
                        "padding_tablet": {
                            "unit": "em",
                            "top": "",
                            "right": "",
                            "bottom": "",
                            "left": "",
                            "isLinked": true
                        },
                        "padding_mobile": {
                            "unit": "em",
                            "top": "",
                            "right": "",
                            "bottom": "",
                            "left": "",
                            "isLinked": true
                        }
                    },
                    "elements": [
                        {
                            "id": "3bdc363f",
                            "settings": {
                                "title": "Add Your Heading Text Here",
                                "header_size": "h6",
                                "__dynamic__": {
                                    "title": "[elementor-tag id=\"741d93d\" name=\"post-terms\" settings=\"%7B%22taxonomy%22%3A%22category%22%2C%22separator%22%3A%22%2C%20%22%7D\"]"
                                },
                                "__globals__": {
                                    "title_color": "globals\/colors?id=text"
                                },
                                "align_mobile": "center",
                                "_animation": "fadeInUp"
                            },
                            "elements": [],
                            "isInner": false,
                            "widgetType": "heading",
                            "elType": "widget"
                        },
                        {
                            "id": "539279f1",
                            "settings": {
                                "title": "Add Your Heading Text Here",
                                "header_size": "h1",
                                "__dynamic__": {
                                    "title": "[elementor-tag id=\"8a8c6c4\" name=\"post-title\" settings=\"%7B%7D\"]"
                                },
                                "__globals__": {
                                    "title_color": "globals\/colors?id=text"
                                },
                                "align_mobile": "center",
                                "_animation": "fadeInRight"
                            },
                            "elements": [],
                            "isInner": false,
                            "widgetType": "heading",
                            "elType": "widget"
                        },
                        {
                            "id": "5014cfe9",
                            "settings": {
                                "icon_list": [
                                    {
                                        "type": "author",
                                        "selected_icon": {
                                            "value": "material-icons md-verified",
                                            "library": "material-design-icons"
                                        },
                                        "_id": "c5eccf7",
                                        "custom_date_format": "F j, Y",
                                        "custom_time_format": "g:i a",
                                        "show_icon": "custom"
                                    },
                                    {
                                        "selected_icon": {
                                            "value": "far fa-calendar",
                                            "library": "fa-regular"
                                        },
                                        "_id": "f8f9ff8",
                                        "custom_date_format": "F j, Y",
                                        "custom_time_format": "g:i a",
                                        "show_icon": "custom"
                                    }
                                ],
                                "__globals__": {
                                    "icon_color": "globals\/colors?id=d38a6c5",
                                    "text_color": "globals\/colors?id=text"
                                },
                                "icon_align_mobile": "center",
                                "_animation": "fadeInDown"
                            },
                            "elements": [],
                            "isInner": false,
                            "widgetType": "post-info",
                            "elType": "widget"
                        }
                    ],
                    "isInner": false,
                    "elType": "column"
                }
            ],
            "isInner": false,
            "elType": "section"
        },
        {
            "id": "54a576b9",
            "settings": {
                "structure": "22",
                "padding": {
                    "unit": "em",
                    "top": "3",
                    "right": "0",
                    "bottom": "7",
                    "left": "0",
                    "isLinked": false
                },
                "padding_tablet": {
                    "unit": "em",
                    "top": "0",
                    "right": "0",
                    "bottom": "3",
                    "left": "0",
                    "isLinked": false
                },
                "padding_mobile": {
                    "unit": "em",
                    "top": "",
                    "right": "",
                    "bottom": "",
                    "left": "",
                    "isLinked": true
                }
            },
            "elements": [
                {
                    "id": "7d2d1e34",
                    "settings": {
                        "_column_size": 66,
                        "_inline_size": 70,
                        "padding": {
                            "unit": "em",
                            "top": "2",
                            "right": "2",
                            "bottom": "2",
                            "left": "2",
                            "isLinked": true
                        },
                        "padding_tablet": {
                            "unit": "em",
                            "top": "",
                            "right": "",
                            "bottom": "",
                            "left": "",
                            "isLinked": true
                        },
                        "padding_mobile": {
                            "unit": "em",
                            "top": "1",
                            "right": "1",
                            "bottom": "1",
                            "left": "1",
                            "isLinked": true
                        },
                        "_inline_size_tablet": 100,
                        "animation": "fadeIn"
                    },
                    "elements": [
                        {
                            "id": "75375159",
                            "settings": [],
                            "elements": [],
                            "isInner": false,
                            "widgetType": "theme-post-content",
                            "elType": "widget"
                        },
                        {
                            "id": "4a98bdf9",
                            "settings": {
                                "icon_list": [
                                    {
                                        "text": "List Item #1",
                                        "selected_icon": {
                                            "value": "fas fa-hashtag",
                                            "library": "fa-solid"
                                        },
                                        "_id": "f9bd9a2",
                                        "__dynamic__": {
                                            "text": "[elementor-tag id=\"0f36b3a\" name=\"post-terms\" settings=\"%7B%22separator%22%3A%22%2C%20%22%7D\"]"
                                        }
                                    }
                                ]
                            },
                            "elements": [],
                            "isInner": false,
                            "widgetType": "icon-list",
                            "elType": "widget"
                        },
                        {
                            "id": "2233c7f3",
                            "settings": {
                                "share_buttons": [
                                    {
                                        "_id": "00afd3c"
                                    },
                                    {
                                        "button": "pinterest",
                                        "_id": "6b29bbc"
                                    },
                                    {
                                        "button": "twitter",
                                        "_id": "b31442f"
                                    },
                                    {
                                        "button": "linkedin",
                                        "_id": "3d01fd1"
                                    }
                                ],
                                "skin": "flat",
                                "columns": "4",
                                "__globals__": {
                                    "typography_typography": "globals\/typography?id=69c152f"
                                },
                                "columns_mobile": "2"
                            },
                            "elements": [],
                            "isInner": false,
                            "widgetType": "share-buttons",
                            "elType": "widget"
                        },
                        {
                            "id": "66e0ca22",
                            "settings": {
                                "author_name": "John Doe",
                                "author_bio": "Lorem ipsum dolor sit amet consectetur adipiscing elit dolor",
                                "link_text": "All Posts",
                                "image_size": {
                                    "unit": "px",
                                    "size": 100,
                                    "sizes": []
                                },
                                "image_border_radius": {
                                    "unit": "px",
                                    "size": 0,
                                    "sizes": []
                                },
                                "_padding": {
                                    "unit": "em",
                                    "top": "1",
                                    "right": "1",
                                    "bottom": "1",
                                    "left": "1",
                                    "isLinked": true
                                },
                                "_padding_tablet": {
                                    "unit": "em",
                                    "top": "",
                                    "right": "",
                                    "bottom": "",
                                    "left": "",
                                    "isLinked": true
                                },
                                "_padding_mobile": {
                                    "unit": "em",
                                    "top": "",
                                    "right": "",
                                    "bottom": "",
                                    "left": "",
                                    "isLinked": true
                                },
                                "_background_background": "classic",
                                "__globals__": {
                                    "_background_color": "globals\/colors?id=text",
                                    "_border_color": "globals\/colors?id=639e8dd",
                                    "bio_typography_typography": "globals\/typography?id=b2ce6af"
                                },
                                "author_name_tag": "h5",
                                "_border_border": "solid",
                                "_border_width": {
                                    "unit": "px",
                                    "top": "2",
                                    "right": "2",
                                    "bottom": "2",
                                    "left": "2",
                                    "isLinked": true
                                },
                                "_box_shadow_box_shadow": {
                                    "horizontal": 0,
                                    "vertical": 0,
                                    "blur": 30,
                                    "spread": 0,
                                    "color": "rgba(0, 0, 0, 0.1)"
                                }
                            },
                            "elements": [],
                            "isInner": false,
                            "widgetType": "author-box",
                            "elType": "widget"
                        },
                        {
                            "id": "6b3134cc",
                            "settings": {
                                "_skin": "theme_comments"
                            },
                            "elements": [],
                            "isInner": false,
                            "widgetType": "post-comments",
                            "elType": "widget"
                        }
                    ],
                    "isInner": false,
                    "elType": "column"
                },
                {
                    "id": "25ad174e",
                    "settings": {
                        "_column_size": 33,
                        "_inline_size": 29.332999999999998408384271897375583648681640625,
                        "padding": {
                            "unit": "em",
                            "top": "2",
                            "right": "2",
                            "bottom": "2",
                            "left": "2",
                            "isLinked": true
                        },
                        "padding_tablet": {
                            "unit": "em",
                            "top": "",
                            "right": "",
                            "bottom": "",
                            "left": "",
                            "isLinked": true
                        },
                        "padding_mobile": {
                            "unit": "em",
                            "top": "1",
                            "right": "1",
                            "bottom": "1",
                            "left": "1",
                            "isLinked": true
                        },
                        "_inline_size_tablet": 100
                    },
                    "elements": [
                        {
                            "id": "75a7c679",
                            "settings": {
                                "background_background": "classic",
                                "background_image": {
                                    "url": "http:\/\/point.moxcreative.com\/populi\/wp-content\/uploads\/sites\/7\/2022\/04\/usa-flag-background-.jpg",
                                    "id": 67,
                                    "alt": "USA flag background.",
                                    "source": "library"
                                },
                                "background_position": "center center",
                                "background_repeat": "no-repeat",
                                "background_size": "cover",
                                "background_overlay_background": "gradient",
                                "background_overlay_color": "#133256CC",
                                "background_overlay_color_b": "#133256",
                                "background_overlay_color_b_stop": {
                                    "unit": "%",
                                    "size": 50,
                                    "sizes": []
                                },
                                "background_overlay_gradient_type": "radial",
                                "background_overlay_gradient_position": "top left",
                                "background_overlay_opacity": {
                                    "unit": "px",
                                    "size": 1,
                                    "sizes": []
                                },
                                "margin": {
                                    "unit": "em",
                                    "top": "0",
                                    "right": 0,
                                    "bottom": "2",
                                    "left": 0,
                                    "isLinked": false
                                },
                                "margin_tablet": {
                                    "unit": "em",
                                    "top": "",
                                    "right": "",
                                    "bottom": "",
                                    "left": "",
                                    "isLinked": true
                                },
                                "margin_mobile": {
                                    "unit": "em",
                                    "top": "",
                                    "right": "",
                                    "bottom": "",
                                    "left": "",
                                    "isLinked": true
                                },
                                "padding": {
                                    "unit": "em",
                                    "top": "2",
                                    "right": "2",
                                    "bottom": "2",
                                    "left": "2",
                                    "isLinked": true
                                },
                                "padding_tablet": {
                                    "unit": "em",
                                    "top": "",
                                    "right": "",
                                    "bottom": "",
                                    "left": "",
                                    "isLinked": true
                                },
                                "padding_mobile": {
                                    "unit": "em",
                                    "top": "",
                                    "right": "",
                                    "bottom": "",
                                    "left": "",
                                    "isLinked": true
                                },
                                "__globals__": {
                                    "background_overlay_color": "",
                                    "background_overlay_color_b": "globals\/colors?id=044b931"
                                },
                                "animation": "fadeInRight"
                            },
                            "elements": [
                                {
                                    "id": "69d7ca0e",
                                    "settings": {
                                        "_column_size": 100,
                                        "_inline_size": null
                                    },
                                    "elements": [
                                        {
                                            "id": "2ae5b78a",
                                            "settings": {
                                                "title": "Newsletter",
                                                "header_size": "h3",
                                                "__globals__": {
                                                    "title_color": "globals\/colors?id=text"
                                                }
                                            },
                                            "elements": [],
                                            "isInner": false,
                                            "widgetType": "heading",
                                            "elType": "widget"
                                        },
                                        {
                                            "id": "736826b4",
                                            "settings": {
                                                "title": "Sign up our newsletter to get updated information, program or insight for free.",
                                                "header_size": "div",
                                                "__globals__": {
                                                    "title_color": "globals\/colors?id=text",
                                                    "typography_typography": "globals\/typography?id=b2ce6af"
                                                }
                                            },
                                            "elements": [],
                                            "isInner": false,
                                            "widgetType": "heading",
                                            "elType": "widget"
                                        },
                                        {
                                            "id": "490b4ab7",
                                            "settings": {
                                                "form_name": "New Form",
                                                "form_fields": [
                                                    {
                                                        "custom_id": "email",
                                                        "field_type": "email",
                                                        "required": "true",
                                                        "field_label": "Email",
                                                        "placeholder": "Email",
                                                        "_id": "29bf700",
                                                        "width_tablet": "66"
                                                    }
                                                ],
                                                "input_size": "md",
                                                "show_labels": "",
                                                "button_size": "md",
                                                "step_next_label": "Next",
                                                "step_previous_label": "Previous",
                                                "button_text": "Sign Up",
                                                "selected_button_icon": {
                                                    "value": "far fa-envelope",
                                                    "library": "fa-regular"
                                                },
                                                "email_content": "[all-fields]",
                                                "email_content_2": "[all-fields]",
                                                "success_message": "The form was sent successfully.",
                                                "error_message": "An error occurred.",
                                                "required_field_message": "This field is required.",
                                                "invalid_message": "There&#039;s something wrong. The form is invalid.",
                                                "button_width_tablet": "33"
                                            },
                                            "elements": [],
                                            "isInner": false,
                                            "widgetType": "form",
                                            "elType": "widget"
                                        }
                                    ],
                                    "isInner": true,
                                    "elType": "column"
                                }
                            ],
                            "isInner": true,
                            "elType": "section"
                        },
                        {
                            "id": "20a39e64",
                            "settings": {
                                "title": "Latest News",
                                "header_size": "h3",
                                "_animation": "fadeInRight",
                                "_animation_delay": 240
                            },
                            "elements": [],
                            "isInner": false,
                            "widgetType": "heading",
                            "elType": "widget"
                        },
                        {
                            "id": "3d47c761",
                            "settings": {
                                "classic_columns": "1",
                                "classic_thumbnail": "left",
                                "classic_thumbnail_size_size": "full",
                                "classic_item_ratio": {
                                    "unit": "px",
                                    "size": 1,
                                    "sizes": []
                                },
                                "classic_image_width": {
                                    "unit": "%",
                                    "size": 30,
                                    "sizes": []
                                },
                                "classic_title_tag": "div",
                                "classic_show_excerpt": "",
                                "classic_meta_data": [
                                    "date"
                                ],
                                "classic_meta_separator": ".",
                                "classic_show_read_more": "",
                                "classic_read_more_text": "Read More \u00bb",
                                "cards_meta_separator": "\u2022",
                                "cards_read_more_text": "Read More \u00bb",
                                "full_content_meta_separator": "\/\/\/",
                                "classic_column_gap": {
                                    "unit": "px",
                                    "size": 14,
                                    "sizes": []
                                },
                                "classic_row_gap": {
                                    "unit": "px",
                                    "size": 14,
                                    "sizes": []
                                },
                                "classic_image_spacing": {
                                    "unit": "px",
                                    "size": 14,
                                    "sizes": []
                                },
                                "pagination_page_limit": "5",
                                "pagination_prev_label": "&laquo; Previous",
                                "pagination_next_label": "Next &raquo;",
                                "text": "Load More",
                                "load_more_no_posts_custom_message": "No more posts to show",
                                "__globals__": {
                                    "classic_title_typography_typography": "globals\/typography?id=520c191",
                                    "classic_meta_typography_typography": "globals\/typography?id=112b6c4"
                                },
                                "classic_item_ratio_mobile": {
                                    "unit": "px",
                                    "size": 1,
                                    "sizes": []
                                },
                                "classic_image_width_mobile": {
                                    "unit": "%",
                                    "size": 30,
                                    "sizes": []
                                },
                                "classic_column_gap_tablet": {
                                    "unit": "px",
                                    "size": 21,
                                    "sizes": []
                                },
                                "classic_row_gap_tablet": {
                                    "unit": "px",
                                    "size": 21,
                                    "sizes": []
                                },
                                "_animation": "fadeInUp"
                            },
                            "elements": [],
                            "isInner": false,
                            "widgetType": "posts",
                            "elType": "widget"
                        }
                    ],
                    "isInner": false,
                    "elType": "column"
                }
            ],
            "isInner": false,
            "elType": "section"
        },
        {
            "id": "580e70ad",
            "settings": {
                "background_background": "classic",
                "padding": {
                    "unit": "em",
                    "top": "7",
                    "right": "0",
                    "bottom": "7",
                    "left": "0",
                    "isLinked": false
                },
                "padding_tablet": {
                    "unit": "em",
                    "top": "3",
                    "right": "2",
                    "bottom": "3",
                    "left": "2",
                    "isLinked": false
                },
                "padding_mobile": {
                    "unit": "em",
                    "top": "2",
                    "right": "0",
                    "bottom": "2",
                    "left": "0",
                    "isLinked": false
                },
                "__globals__": {
                    "background_color": "globals\/colors?id=cfa1f76"
                }
            },
            "elements": [
                {
                    "id": "483d2976",
                    "settings": {
                        "_column_size": 100,
                        "_inline_size": null
                    },
                    "elements": [
                        {
                            "id": "eeded05",
                            "settings": {
                                "title": "Related Article",
                                "_animation": "fadeInUp"
                            },
                            "elements": [],
                            "isInner": false,
                            "widgetType": "heading",
                            "elType": "widget"
                        },
                        {
                            "id": "5b948e63",
                            "settings": {
                                "width": {
                                    "unit": "px",
                                    "size": 50,
                                    "sizes": []
                                },
                                "width_tablet": {
                                    "unit": "px",
                                    "size": "",
                                    "sizes": []
                                },
                                "width_mobile": {
                                    "unit": "px",
                                    "size": "",
                                    "sizes": []
                                },
                                "text": "Divider",
                                "weight": {
                                    "unit": "px",
                                    "size": 4,
                                    "sizes": []
                                },
                                "gap": {
                                    "unit": "px",
                                    "size": 7,
                                    "sizes": []
                                },
                                "__globals__": {
                                    "color": "globals\/colors?id=df5eae3"
                                }
                            },
                            "elements": [],
                            "isInner": false,
                            "widgetType": "divider",
                            "elType": "widget"
                        },
                        {
                            "id": "33cc397e",
                            "settings": {
                                "classic_columns": "4",
                                "classic_posts_per_page": 4,
                                "classic_thumbnail_size_size": "full",
                                "classic_item_ratio_mobile": {
                                    "unit": "px",
                                    "size": 0.66000000000000003108624468950438313186168670654296875,
                                    "sizes": []
                                },
                                "classic_title_tag": "div",
                                "classic_show_excerpt": "",
                                "classic_meta_separator": ".",
                                "classic_show_read_more": "",
                                "classic_read_more_text": "Read More \u00bb",
                                "cards_meta_separator": "\u2022",
                                "cards_read_more_text": "Read More \u00bb",
                                "full_content_meta_separator": "\/\/\/",
                                "classic_column_gap": {
                                    "unit": "px",
                                    "size": 21,
                                    "sizes": []
                                },
                                "classic_row_gap": {
                                    "unit": "px",
                                    "size": 21,
                                    "sizes": []
                                },
                                "classic_content_padding": {
                                    "unit": "px",
                                    "top": "28",
                                    "right": "28",
                                    "bottom": "28",
                                    "left": "28",
                                    "isLinked": true
                                },
                                "classic_content_padding_mobile": {
                                    "unit": "px",
                                    "top": "21",
                                    "right": "21",
                                    "bottom": "21",
                                    "left": "21",
                                    "isLinked": true
                                },
                                "classic_image_spacing": {
                                    "unit": "px",
                                    "size": 0,
                                    "sizes": []
                                },
                                "classic_title_spacing": {
                                    "unit": "px",
                                    "size": 14,
                                    "sizes": []
                                },
                                "classic_meta_spacing": {
                                    "unit": "px",
                                    "size": 0,
                                    "sizes": []
                                },
                                "pagination_page_limit": "5",
                                "pagination_prev_label": "&laquo; Previous",
                                "pagination_next_label": "Next &raquo;",
                                "text": "Load More",
                                "load_more_no_posts_custom_message": "No more posts to show",
                                "_animation": "fadeIn",
                                "__globals__": {
                                    "classic_box_bg_color": "globals\/colors?id=text",
                                    "classic_title_typography_typography": "globals\/typography?id=83682a1",
                                    "classic_meta_typography_typography": "globals\/typography?id=69c152f"
                                }
                            },
                            "elements": [],
                            "isInner": false,
                            "widgetType": "posts",
                            "elType": "widget"
                        }
                    ],
                    "isInner": false,
                    "elType": "column"
                }
            ],
            "isInner": false,
            "elType": "section"
        }
    ]
}