{
    "version": "0.4",
    "title": "Populi &#8211; Archive Blog",
    "type": "archive",
    "metadata": {
        "template_type": "archive-blog",
        "include_in_zip": "1",
        "elementor_pro_required": "1",
        "elementor_library_type": "archive",
        "elementor_pro_conditions": [
            "include\/archive"
        ],
        "additional_template_information": [
            "This is a \"Archive\" template for Elementor Pro.",
            "This template will display on: All Archives."
        ],
        "wp_page_template": "default"
    },
    "content": [
        {
            "id": "43881d94",
            "settings": {
                "background_background": "classic",
                "background_overlay_background": "classic",
                "background_overlay_position": "center center",
                "background_overlay_repeat": "no-repeat",
                "background_overlay_size": "cover",
                "padding": {
                    "unit": "em",
                    "top": "5",
                    "right": "0",
                    "bottom": "5",
                    "left": "0",
                    "isLinked": false
                },
                "padding_tablet": {
                    "unit": "em",
                    "top": "",
                    "right": "",
                    "bottom": "",
                    "left": "",
                    "isLinked": true
                },
                "padding_mobile": {
                    "unit": "em",
                    "top": "3",
                    "right": "0",
                    "bottom": "3",
                    "left": "0",
                    "isLinked": false
                },
                "__globals__": {
                    "background_color": "globals\/colors?id=044b931"
                },
                "__dynamic__": {
                    "background_overlay_image": "[elementor-tag id=\"25f1ce0\" name=\"post-featured-image\" settings=\"%7B%7D\"]"
                }
            },
            "elements": [
                {
                    "id": "60bead0d",
                    "settings": {
                        "_column_size": 100,
                        "_inline_size": null,
                        "padding": {
                            "unit": "em",
                            "top": "2",
                            "right": "2",
                            "bottom": "2",
                            "left": "2",
                            "isLinked": true
                        },
                        "padding_tablet": {
                            "unit": "em",
                            "top": "",
                            "right": "",
                            "bottom": "",
                            "left": "",
                            "isLinked": true
                        },
                        "padding_mobile": {
                            "unit": "em",
                            "top": "",
                            "right": "",
                            "bottom": "",
                            "left": "",
                            "isLinked": true
                        }
                    },
                    "elements": [
                        {
                            "id": "149c4303",
                            "settings": {
                                "title": "News & Article",
                                "header_size": "h1",
                                "__globals__": {
                                    "title_color": "globals\/colors?id=text"
                                },
                                "align_mobile": "center",
                                "_animation": "fadeInLeft"
                            },
                            "elements": [],
                            "isInner": false,
                            "widgetType": "heading",
                            "elType": "widget"
                        },
                        {
                            "id": "520febe7",
                            "settings": {
                                "title": "Add Your Heading Text Here",
                                "__dynamic__": {
                                    "title": "[elementor-tag id=\"e8ecccc\" name=\"archive-title\" settings=\"%7B%7D\"]"
                                },
                                "__globals__": {
                                    "title_color": "globals\/colors?id=text"
                                },
                                "align_mobile": "center",
                                "_animation": "fadeInUp"
                            },
                            "elements": [],
                            "isInner": false,
                            "widgetType": "heading",
                            "elType": "widget"
                        }
                    ],
                    "isInner": false,
                    "elType": "column"
                }
            ],
            "isInner": false,
            "elType": "section"
        },
        {
            "id": "5537e5f3",
            "settings": {
                "padding": {
                    "unit": "em",
                    "top": "3",
                    "right": "0",
                    "bottom": "7",
                    "left": "0",
                    "isLinked": false
                },
                "padding_tablet": {
                    "unit": "em",
                    "top": "3",
                    "right": "1",
                    "bottom": "3",
                    "left": "1",
                    "isLinked": false
                },
                "padding_mobile": {
                    "unit": "em",
                    "top": "2",
                    "right": "0",
                    "bottom": "2",
                    "left": "0",
                    "isLinked": false
                }
            },
            "elements": [
                {
                    "id": "76cffb87",
                    "settings": {
                        "_column_size": 100,
                        "_inline_size": null
                    },
                    "elements": [
                        {
                            "id": "11b63cb5",
                            "settings": {
                                "archive_classic_meta_separator": ".",
                                "archive_classic_read_more_text": "Read More \ud83e\udc65",
                                "archive_cards_meta_separator": "\u2022",
                                "archive_cards_read_more_text": "Read More \u00bb",
                                "archive_full_content_meta_separator": "\/\/\/",
                                "pagination_page_limit": "5",
                                "pagination_prev_label": "&laquo; Previous",
                                "pagination_next_label": "Next &raquo;",
                                "text": "Load More",
                                "load_more_no_posts_custom_message": "No more posts to show",
                                "nothing_found_message": "It seems we can&#039;t find what you&#039;re looking for.",
                                "_skin": "archive_cards",
                                "archive_classic_thumbnail_size_size": "full",
                                "archive_classic_title_tag": "h4",
                                "archive_cards_thumbnail_size_size": "full",
                                "archive_cards_show_read_more": "",
                                "archive_cards_show_avatar": "",
                                "archive_classic_column_gap": {
                                    "unit": "px",
                                    "size": 35,
                                    "sizes": []
                                },
                                "archive_classic_image_spacing": {
                                    "unit": "px",
                                    "size": 21,
                                    "sizes": []
                                },
                                "archive_classic_title_typography_typography": "custom",
                                "archive_classic_title_typography_font_family": "Oswald",
                                "archive_classic_title_typography_font_size": {
                                    "unit": "px",
                                    "size": 24,
                                    "sizes": []
                                },
                                "archive_classic_title_typography_font_size_tablet": {
                                    "unit": "px",
                                    "size": 18,
                                    "sizes": []
                                },
                                "archive_classic_title_typography_font_size_mobile": {
                                    "unit": "px",
                                    "size": 18,
                                    "sizes": []
                                },
                                "archive_classic_title_typography_font_weight": "700",
                                "archive_classic_title_typography_text_transform": "none",
                                "archive_classic_title_typography_font_style": "normal",
                                "archive_classic_title_typography_line_height": {
                                    "unit": "em",
                                    "size": 1.3000000000000000444089209850062616169452667236328125,
                                    "sizes": []
                                },
                                "archive_classic_title_typography_word_spacing": {
                                    "unit": "em",
                                    "size": "",
                                    "sizes": []
                                },
                                "archive_classic_title_spacing": {
                                    "unit": "px",
                                    "size": 14,
                                    "sizes": []
                                },
                                "archive_classic_meta_color": "#E73223",
                                "archive_classic_meta_typography_typography": "custom",
                                "archive_classic_meta_typography_font_family": "Karla",
                                "archive_classic_meta_typography_font_size": {
                                    "unit": "px",
                                    "size": 14,
                                    "sizes": []
                                },
                                "archive_classic_meta_typography_font_size_tablet": {
                                    "unit": "px",
                                    "size": 13,
                                    "sizes": []
                                },
                                "archive_classic_meta_typography_font_size_mobile": {
                                    "unit": "px",
                                    "size": 12,
                                    "sizes": []
                                },
                                "archive_classic_meta_typography_font_weight": "400",
                                "archive_classic_meta_typography_line_height": {
                                    "unit": "em",
                                    "size": 1.600000000000000088817841970012523233890533447265625,
                                    "sizes": []
                                },
                                "archive_classic_meta_typography_word_spacing": {
                                    "unit": "em",
                                    "size": "",
                                    "sizes": []
                                },
                                "archive_classic_excerpt_typography_typography": "custom",
                                "archive_classic_excerpt_typography_font_family": "Karla",
                                "archive_classic_excerpt_typography_font_size": {
                                    "unit": "px",
                                    "size": 16,
                                    "sizes": []
                                },
                                "archive_classic_excerpt_typography_font_size_tablet": {
                                    "unit": "px",
                                    "size": 15,
                                    "sizes": []
                                },
                                "archive_classic_excerpt_typography_font_size_mobile": {
                                    "unit": "px",
                                    "size": 14,
                                    "sizes": []
                                },
                                "archive_classic_excerpt_typography_font_weight": "400",
                                "archive_classic_excerpt_typography_text_transform": "none",
                                "archive_classic_excerpt_typography_font_style": "normal",
                                "archive_classic_excerpt_typography_line_height": {
                                    "unit": "em",
                                    "size": 1.5,
                                    "sizes": []
                                },
                                "archive_classic_excerpt_typography_word_spacing": {
                                    "unit": "em",
                                    "size": "",
                                    "sizes": []
                                },
                                "archive_classic_read_more_typography_typography": "custom",
                                "archive_classic_read_more_typography_font_family": "Karla",
                                "archive_classic_read_more_typography_font_size": {
                                    "unit": "px",
                                    "size": 16,
                                    "sizes": []
                                },
                                "archive_classic_read_more_typography_font_size_tablet": {
                                    "unit": "px",
                                    "size": 15,
                                    "sizes": []
                                },
                                "archive_classic_read_more_typography_font_size_mobile": {
                                    "unit": "px",
                                    "size": 14,
                                    "sizes": []
                                },
                                "archive_classic_read_more_typography_font_weight": "500",
                                "archive_classic_read_more_typography_line_height": {
                                    "unit": "em",
                                    "size": "",
                                    "sizes": []
                                },
                                "archive_classic_read_more_typography_word_spacing": {
                                    "unit": "em",
                                    "size": "",
                                    "sizes": []
                                },
                                "archive_cards_card_border_radius": {
                                    "unit": "px",
                                    "size": 0,
                                    "sizes": []
                                },
                                "archive_cards_card_padding": {
                                    "unit": "px",
                                    "size": 28,
                                    "sizes": []
                                },
                                "archive_cards_meta_border_color": "#F5F5F5",
                                "archive_cards_image_spacing": {
                                    "unit": "px",
                                    "size": 0,
                                    "sizes": []
                                },
                                "archive_cards_badge_bg_color": "#E73223",
                                "archive_cards_badge_radius": {
                                    "unit": "px",
                                    "size": 0,
                                    "sizes": []
                                },
                                "archive_cards_badge_margin": {
                                    "unit": "px",
                                    "size": 0,
                                    "sizes": []
                                },
                                "archive_cards_title_spacing": {
                                    "unit": "px",
                                    "size": 21,
                                    "sizes": []
                                },
                                "archive_cards_excerpt_spacing": {
                                    "unit": "px",
                                    "size": 21,
                                    "sizes": []
                                },
                                "__globals__": {
                                    "archive_classic_title_typography_typography": "globals\/typography?id=83682a1",
                                    "archive_classic_meta_typography_typography": "globals\/typography?id=69c152f",
                                    "archive_classic_meta_color": "globals\/colors?id=df5eae3",
                                    "archive_classic_excerpt_typography_typography": "globals\/typography?id=b2ce6af",
                                    "archive_classic_read_more_typography_typography": "globals\/typography?id=520c191",
                                    "archive_classic_read_more_color": "",
                                    "archive_classic_title_color": "",
                                    "archive_cards_badge_bg_color": "globals\/colors?id=df5eae3",
                                    "archive_cards_meta_border_color": "globals\/colors?id=cfa1f76",
                                    "archive_cards_title_typography_typography": "globals\/typography?id=83682a1",
                                    "archive_cards_meta_typography_typography": "globals\/typography?id=69c152f",
                                    "archive_cards_excerpt_typography_typography": "globals\/typography?id=b2ce6af"
                                },
                                "archive_cards_item_ratio_mobile": {
                                    "unit": "px",
                                    "size": 0.66000000000000003108624468950438313186168670654296875,
                                    "sizes": []
                                },
                                "archive_cards_column_gap_mobile": {
                                    "unit": "px",
                                    "size": 21,
                                    "sizes": []
                                },
                                "archive_cards_row_gap_mobile": {
                                    "unit": "px",
                                    "size": 21,
                                    "sizes": []
                                },
                                "_animation": "fadeIn",
                                "animation_duration": "slow"
                            },
                            "elements": [],
                            "isInner": false,
                            "widgetType": "archive-posts",
                            "elType": "widget"
                        }
                    ],
                    "isInner": false,
                    "elType": "column"
                }
            ],
            "isInner": false,
            "elType": "section"
        }
    ]
}