{
    "version": "0.4",
    "title": "Program",
    "type": "page",
    "metadata": {
        "template_type": "single-page",
        "include_in_zip": "1",
        "elementor_pro_required": "1",
        "wp_page_template": "elementor_header_footer"
    },
    "content": [
        {
            "id": "712652c3",
            "settings": {
                "content_width": {
                    "unit": "px",
                    "size": 720,
                    "sizes": []
                },
                "content_width_tablet": {
                    "unit": "px",
                    "size": 540,
                    "sizes": []
                },
                "background_background": "classic",
                "background_overlay_background": "classic",
                "background_overlay_image": {
                    "url": "http:\/\/point.moxcreative.com\/populi\/wp-content\/uploads\/sites\/7\/2022\/04\/political-interview.jpg",
                    "id": 83,
                    "alt": "Political interview",
                    "source": "library"
                },
                "background_overlay_position": "center center",
                "background_overlay_repeat": "no-repeat",
                "background_overlay_size": "cover",
                "padding": {
                    "unit": "em",
                    "top": "5",
                    "right": "0",
                    "bottom": "5",
                    "left": "0",
                    "isLinked": false
                },
                "padding_tablet": {
                    "unit": "em",
                    "top": "",
                    "right": "",
                    "bottom": "",
                    "left": "",
                    "isLinked": true
                },
                "padding_mobile": {
                    "unit": "em",
                    "top": "3",
                    "right": "1",
                    "bottom": "3",
                    "left": "1",
                    "isLinked": false
                },
                "__globals__": {
                    "background_color": "globals\/colors?id=044b931"
                },
                "background_image": {
                    "url": "",
                    "id": "",
                    "alt": "Photographers taking photographs at a political gathering.",
                    "source": "library"
                }
            },
            "elements": [
                {
                    "id": "42d62c72",
                    "settings": {
                        "_column_size": 100,
                        "_inline_size": null,
                        "border_border": "solid",
                        "border_width": {
                            "unit": "px",
                            "top": "5",
                            "right": "5",
                            "bottom": "5",
                            "left": "5",
                            "isLinked": true
                        },
                        "padding": {
                            "unit": "em",
                            "top": "4",
                            "right": "4",
                            "bottom": "4",
                            "left": "4",
                            "isLinked": true
                        },
                        "padding_tablet": {
                            "unit": "em",
                            "top": "",
                            "right": "",
                            "bottom": "",
                            "left": "",
                            "isLinked": true
                        },
                        "padding_mobile": {
                            "unit": "em",
                            "top": "2",
                            "right": "2",
                            "bottom": "2",
                            "left": "2",
                            "isLinked": true
                        },
                        "__globals__": {
                            "border_color": "globals\/colors?id=accent"
                        },
                        "animation": "fadeInUp"
                    },
                    "elements": [
                        {
                            "id": "11965036",
                            "settings": {
                                "title": "Add Your Heading Text Here",
                                "header_size": "h1",
                                "align": "center",
                                "__dynamic__": {
                                    "title": "[elementor-tag id=\"5cf8c30\" name=\"post-title\" settings=\"%7B%7D\"]"
                                },
                                "__globals__": {
                                    "title_color": "globals\/colors?id=text"
                                }
                            },
                            "elements": [],
                            "isInner": false,
                            "widgetType": "heading",
                            "elType": "widget"
                        },
                        {
                            "id": "2dc685d6",
                            "settings": {
                                "title": "We are building for the future.",
                                "header_size": "h4",
                                "align": "center",
                                "__globals__": {
                                    "title_color": "globals\/colors?id=text"
                                }
                            },
                            "elements": [],
                            "isInner": false,
                            "widgetType": "heading",
                            "elType": "widget"
                        }
                    ],
                    "isInner": false,
                    "elType": "column"
                }
            ],
            "isInner": false,
            "elType": "section"
        },
        {
            "id": "6f0bc07b",
            "settings": {
                "padding": {
                    "unit": "em",
                    "top": "5",
                    "right": "0",
                    "bottom": "7",
                    "left": "0",
                    "isLinked": false
                },
                "padding_tablet": {
                    "unit": "em",
                    "top": "1",
                    "right": "0",
                    "bottom": "3",
                    "left": "0",
                    "isLinked": false
                },
                "padding_mobile": {
                    "unit": "em",
                    "top": "0",
                    "right": "0",
                    "bottom": "2",
                    "left": "0",
                    "isLinked": false
                }
            },
            "elements": [
                {
                    "id": "153d0d47",
                    "settings": {
                        "_column_size": 100,
                        "_inline_size": null
                    },
                    "elements": [
                        {
                            "id": "3d4b58f5",
                            "settings": {
                                "content_width": {
                                    "unit": "px",
                                    "size": 720,
                                    "sizes": []
                                }
                            },
                            "elements": [
                                {
                                    "id": "6c3d302e",
                                    "settings": {
                                        "_column_size": 100,
                                        "_inline_size": null,
                                        "padding": {
                                            "unit": "em",
                                            "top": "2",
                                            "right": "2",
                                            "bottom": "2",
                                            "left": "2",
                                            "isLinked": true
                                        },
                                        "padding_tablet": {
                                            "unit": "em",
                                            "top": "",
                                            "right": "",
                                            "bottom": "",
                                            "left": "",
                                            "isLinked": true
                                        },
                                        "padding_mobile": {
                                            "unit": "em",
                                            "top": "1",
                                            "right": "1",
                                            "bottom": "1",
                                            "left": "1",
                                            "isLinked": true
                                        },
                                        "animation": "fadeInUp"
                                    },
                                    "elements": [
                                        {
                                            "id": "4ee5cb5f",
                                            "settings": {
                                                "title": "Our program",
                                                "header_size": "h6",
                                                "align": "center"
                                            },
                                            "elements": [],
                                            "isInner": false,
                                            "widgetType": "heading",
                                            "elType": "widget"
                                        },
                                        {
                                            "id": "37b6c26",
                                            "settings": {
                                                "title": "Right leader at right time for the right reason",
                                                "align": "center"
                                            },
                                            "elements": [],
                                            "isInner": false,
                                            "widgetType": "heading",
                                            "elType": "widget"
                                        },
                                        {
                                            "id": "4c657747",
                                            "settings": {
                                                "align": "center"
                                            },
                                            "elements": [],
                                            "isInner": false,
                                            "widgetType": "text-editor",
                                            "elType": "widget"
                                        }
                                    ],
                                    "isInner": true,
                                    "elType": "column"
                                }
                            ],
                            "isInner": true,
                            "elType": "section"
                        },
                        {
                            "id": "59b13e43",
                            "settings": {
                                "structure": "30",
                                "animation": "fadeInUp"
                            },
                            "elements": [
                                {
                                    "id": "1c85da7c",
                                    "settings": {
                                        "_column_size": 33,
                                        "_inline_size": null
                                    },
                                    "elements": [
                                        {
                                            "id": "5ba5c22d",
                                            "settings": {
                                                "bg_image": {
                                                    "url": "http:\/\/point.moxcreative.com\/populi\/wp-content\/uploads\/sites\/7\/2022\/04\/schoolgirl-standing-in-the-schoolyard-at-elementary-school.jpg",
                                                    "id": 453,
                                                    "alt": "Schoolgirl standing in the schoolyard at elementary school",
                                                    "source": "library"
                                                },
                                                "bg_image_size": "full",
                                                "title": "Education System",
                                                "description": "Lorem ipsum dolor sit amet consectetur adipiscing elit dolor",
                                                "title_tag": "h4",
                                                "button": "Learn more",
                                                "link": {
                                                    "url": "#",
                                                    "is_external": "",
                                                    "nofollow": "",
                                                    "custom_attributes": ""
                                                },
                                                "padding": {
                                                    "unit": "em",
                                                    "top": "2",
                                                    "right": "2",
                                                    "bottom": "2",
                                                    "left": "2",
                                                    "isLinked": true
                                                },
                                                "padding_tablet": {
                                                    "unit": "em",
                                                    "top": "2",
                                                    "right": "1",
                                                    "bottom": "2",
                                                    "left": "1",
                                                    "isLinked": false
                                                },
                                                "padding_mobile": {
                                                    "unit": "em",
                                                    "top": "",
                                                    "right": "",
                                                    "bottom": "",
                                                    "left": "",
                                                    "isLinked": true
                                                },
                                                "image_min_height": {
                                                    "unit": "px",
                                                    "size": 300,
                                                    "sizes": []
                                                },
                                                "image_min_height_tablet": {
                                                    "unit": "px",
                                                    "size": 175,
                                                    "sizes": []
                                                },
                                                "image_min_height_mobile": {
                                                    "unit": "px",
                                                    "size": 200,
                                                    "sizes": []
                                                },
                                                "title_spacing": {
                                                    "unit": "px",
                                                    "size": 14,
                                                    "sizes": []
                                                },
                                                "description_spacing": {
                                                    "unit": "px",
                                                    "size": 14,
                                                    "sizes": []
                                                },
                                                "button_size": "md",
                                                "button_border_width": {
                                                    "unit": "px",
                                                    "size": 0,
                                                    "sizes": []
                                                },
                                                "transformation": "move-up",
                                                "effect_duration": {
                                                    "unit": "px",
                                                    "size": 600,
                                                    "sizes": []
                                                },
                                                "_box_shadow_box_shadow_type": "yes",
                                                "_box_shadow_box_shadow": {
                                                    "horizontal": 0,
                                                    "vertical": 0,
                                                    "blur": 10,
                                                    "spread": 0,
                                                    "color": "rgba(0, 0, 0, 0.05)"
                                                },
                                                "_box_shadow_hover_box_shadow_type": "yes",
                                                "_box_shadow_hover_box_shadow": {
                                                    "horizontal": 0,
                                                    "vertical": 0,
                                                    "blur": 30,
                                                    "spread": 0,
                                                    "color": "rgba(0, 0, 0, 0.1)"
                                                },
                                                "__globals__": {
                                                    "description_typography_typography": "globals\/typography?id=b2ce6af",
                                                    "content_bg_color": "globals\/colors?id=text",
                                                    "title_color": "globals\/colors?id=639e8dd",
                                                    "description_color": "globals\/colors?id=primary",
                                                    "button_text_color": "globals\/colors?id=text",
                                                    "button_background_color": "globals\/colors?id=d49ac81",
                                                    "button_hover_text_color": "globals\/colors?id=text",
                                                    "button_hover_background_color": "globals\/colors?id=332724a"
                                                }
                                            },
                                            "elements": [],
                                            "isInner": false,
                                            "widgetType": "call-to-action",
                                            "elType": "widget"
                                        }
                                    ],
                                    "isInner": true,
                                    "elType": "column"
                                },
                                {
                                    "id": "4e1ef3e5",
                                    "settings": {
                                        "_column_size": 33,
                                        "_inline_size": null
                                    },
                                    "elements": [
                                        {
                                            "id": "4580536f",
                                            "settings": {
                                                "bg_image": {
                                                    "url": "http:\/\/point.moxcreative.com\/populi\/wp-content\/uploads\/sites\/7\/2022\/04\/healthcare-scientist-working-with-dangerous-sample.jpg",
                                                    "id": 470,
                                                    "alt": "Healthcare scientist working with dangerous sample",
                                                    "source": "library"
                                                },
                                                "bg_image_size": "full",
                                                "title": "Public Health Issues",
                                                "description": "Lorem ipsum dolor sit amet consectetur adipiscing elit dolor",
                                                "title_tag": "h4",
                                                "button": "Learn more",
                                                "link": {
                                                    "url": "#",
                                                    "is_external": "",
                                                    "nofollow": "",
                                                    "custom_attributes": ""
                                                },
                                                "padding": {
                                                    "unit": "em",
                                                    "top": "2",
                                                    "right": "2",
                                                    "bottom": "2",
                                                    "left": "2",
                                                    "isLinked": true
                                                },
                                                "padding_tablet": {
                                                    "unit": "em",
                                                    "top": "2",
                                                    "right": "1",
                                                    "bottom": "2",
                                                    "left": "1",
                                                    "isLinked": false
                                                },
                                                "padding_mobile": {
                                                    "unit": "em",
                                                    "top": "",
                                                    "right": "",
                                                    "bottom": "",
                                                    "left": "",
                                                    "isLinked": true
                                                },
                                                "image_min_height": {
                                                    "unit": "px",
                                                    "size": 300,
                                                    "sizes": []
                                                },
                                                "image_min_height_tablet": {
                                                    "unit": "px",
                                                    "size": 175,
                                                    "sizes": []
                                                },
                                                "image_min_height_mobile": {
                                                    "unit": "px",
                                                    "size": 200,
                                                    "sizes": []
                                                },
                                                "title_spacing": {
                                                    "unit": "px",
                                                    "size": 14,
                                                    "sizes": []
                                                },
                                                "description_spacing": {
                                                    "unit": "px",
                                                    "size": 14,
                                                    "sizes": []
                                                },
                                                "button_size": "md",
                                                "button_border_width": {
                                                    "unit": "px",
                                                    "size": 0,
                                                    "sizes": []
                                                },
                                                "transformation": "move-up",
                                                "effect_duration": {
                                                    "unit": "px",
                                                    "size": 600,
                                                    "sizes": []
                                                },
                                                "_box_shadow_box_shadow_type": "yes",
                                                "_box_shadow_box_shadow": {
                                                    "horizontal": 0,
                                                    "vertical": 0,
                                                    "blur": 10,
                                                    "spread": 0,
                                                    "color": "rgba(0, 0, 0, 0.05)"
                                                },
                                                "_box_shadow_hover_box_shadow_type": "yes",
                                                "_box_shadow_hover_box_shadow": {
                                                    "horizontal": 0,
                                                    "vertical": 0,
                                                    "blur": 30,
                                                    "spread": 0,
                                                    "color": "rgba(0, 0, 0, 0.1)"
                                                },
                                                "__globals__": {
                                                    "description_typography_typography": "globals\/typography?id=b2ce6af",
                                                    "content_bg_color": "globals\/colors?id=text",
                                                    "title_color": "globals\/colors?id=639e8dd",
                                                    "description_color": "globals\/colors?id=primary",
                                                    "button_text_color": "globals\/colors?id=text",
                                                    "button_background_color": "globals\/colors?id=d49ac81",
                                                    "button_hover_text_color": "globals\/colors?id=text",
                                                    "button_hover_background_color": "globals\/colors?id=332724a"
                                                }
                                            },
                                            "elements": [],
                                            "isInner": false,
                                            "widgetType": "call-to-action",
                                            "elType": "widget"
                                        }
                                    ],
                                    "isInner": true,
                                    "elType": "column"
                                },
                                {
                                    "id": "3f3b9f07",
                                    "settings": {
                                        "_column_size": 33,
                                        "_inline_size": null
                                    },
                                    "elements": [
                                        {
                                            "id": "4cdcd3d",
                                            "settings": {
                                                "bg_image": {
                                                    "url": "http:\/\/point.moxcreative.com\/populi\/wp-content\/uploads\/sites\/7\/2022\/04\/wooden-judge-gavel-on-us-dollar-banknotes-closeup-justice-corruption-concept.jpg",
                                                    "id": 474,
                                                    "alt": "Wooden judge gavel on US dollar banknotes closeup. Justice corruption concept",
                                                    "source": "library"
                                                },
                                                "bg_image_size": "full",
                                                "title": "Corruption Issues",
                                                "description": "Lorem ipsum dolor sit amet consectetur adipiscing elit dolor",
                                                "title_tag": "h4",
                                                "button": "Learn more",
                                                "link": {
                                                    "url": "#",
                                                    "is_external": "",
                                                    "nofollow": "",
                                                    "custom_attributes": ""
                                                },
                                                "padding": {
                                                    "unit": "em",
                                                    "top": "2",
                                                    "right": "2",
                                                    "bottom": "2",
                                                    "left": "2",
                                                    "isLinked": true
                                                },
                                                "padding_tablet": {
                                                    "unit": "em",
                                                    "top": "2",
                                                    "right": "1",
                                                    "bottom": "2",
                                                    "left": "1",
                                                    "isLinked": false
                                                },
                                                "padding_mobile": {
                                                    "unit": "em",
                                                    "top": "",
                                                    "right": "",
                                                    "bottom": "",
                                                    "left": "",
                                                    "isLinked": true
                                                },
                                                "image_min_height": {
                                                    "unit": "px",
                                                    "size": 300,
                                                    "sizes": []
                                                },
                                                "image_min_height_tablet": {
                                                    "unit": "px",
                                                    "size": 175,
                                                    "sizes": []
                                                },
                                                "image_min_height_mobile": {
                                                    "unit": "px",
                                                    "size": 200,
                                                    "sizes": []
                                                },
                                                "title_spacing": {
                                                    "unit": "px",
                                                    "size": 14,
                                                    "sizes": []
                                                },
                                                "description_spacing": {
                                                    "unit": "px",
                                                    "size": 14,
                                                    "sizes": []
                                                },
                                                "button_size": "md",
                                                "button_border_width": {
                                                    "unit": "px",
                                                    "size": 0,
                                                    "sizes": []
                                                },
                                                "transformation": "move-up",
                                                "effect_duration": {
                                                    "unit": "px",
                                                    "size": 600,
                                                    "sizes": []
                                                },
                                                "_box_shadow_box_shadow_type": "yes",
                                                "_box_shadow_box_shadow": {
                                                    "horizontal": 0,
                                                    "vertical": 0,
                                                    "blur": 10,
                                                    "spread": 0,
                                                    "color": "rgba(0, 0, 0, 0.05)"
                                                },
                                                "_box_shadow_hover_box_shadow_type": "yes",
                                                "_box_shadow_hover_box_shadow": {
                                                    "horizontal": 0,
                                                    "vertical": 0,
                                                    "blur": 30,
                                                    "spread": 0,
                                                    "color": "rgba(0, 0, 0, 0.1)"
                                                },
                                                "__globals__": {
                                                    "description_typography_typography": "globals\/typography?id=b2ce6af",
                                                    "content_bg_color": "globals\/colors?id=text",
                                                    "title_color": "globals\/colors?id=639e8dd",
                                                    "description_color": "globals\/colors?id=primary",
                                                    "button_text_color": "globals\/colors?id=text",
                                                    "button_background_color": "globals\/colors?id=d49ac81",
                                                    "button_hover_text_color": "globals\/colors?id=text",
                                                    "button_hover_background_color": "globals\/colors?id=332724a"
                                                }
                                            },
                                            "elements": [],
                                            "isInner": false,
                                            "widgetType": "call-to-action",
                                            "elType": "widget"
                                        }
                                    ],
                                    "isInner": true,
                                    "elType": "column"
                                }
                            ],
                            "isInner": true,
                            "elType": "section"
                        },
                        {
                            "id": "2e58e666",
                            "settings": {
                                "structure": "30",
                                "animation": "fadeInDown"
                            },
                            "elements": [
                                {
                                    "id": "5454ad12",
                                    "settings": {
                                        "_column_size": 33,
                                        "_inline_size": null
                                    },
                                    "elements": [
                                        {
                                            "id": "52148390",
                                            "settings": {
                                                "bg_image": {
                                                    "url": "http:\/\/point.moxcreative.com\/populi\/wp-content\/uploads\/sites\/7\/2022\/04\/tram-of-public-transportation-in-blurred-motion.jpg",
                                                    "id": 478,
                                                    "alt": "Tram of public transportation in blurred motion",
                                                    "source": "library"
                                                },
                                                "bg_image_size": "full",
                                                "title": "Public Transportation System",
                                                "description": "Lorem ipsum dolor sit amet consectetur adipiscing elit dolor",
                                                "title_tag": "h4",
                                                "button": "Learn more",
                                                "link": {
                                                    "url": "#",
                                                    "is_external": "",
                                                    "nofollow": "",
                                                    "custom_attributes": ""
                                                },
                                                "padding": {
                                                    "unit": "em",
                                                    "top": "2",
                                                    "right": "2",
                                                    "bottom": "2",
                                                    "left": "2",
                                                    "isLinked": true
                                                },
                                                "padding_tablet": {
                                                    "unit": "em",
                                                    "top": "2",
                                                    "right": "1",
                                                    "bottom": "2",
                                                    "left": "1",
                                                    "isLinked": false
                                                },
                                                "padding_mobile": {
                                                    "unit": "em",
                                                    "top": "",
                                                    "right": "",
                                                    "bottom": "",
                                                    "left": "",
                                                    "isLinked": true
                                                },
                                                "image_min_height": {
                                                    "unit": "px",
                                                    "size": 300,
                                                    "sizes": []
                                                },
                                                "image_min_height_tablet": {
                                                    "unit": "px",
                                                    "size": 175,
                                                    "sizes": []
                                                },
                                                "image_min_height_mobile": {
                                                    "unit": "px",
                                                    "size": 200,
                                                    "sizes": []
                                                },
                                                "title_spacing": {
                                                    "unit": "px",
                                                    "size": 14,
                                                    "sizes": []
                                                },
                                                "description_spacing": {
                                                    "unit": "px",
                                                    "size": 14,
                                                    "sizes": []
                                                },
                                                "button_size": "md",
                                                "button_border_width": {
                                                    "unit": "px",
                                                    "size": 0,
                                                    "sizes": []
                                                },
                                                "transformation": "move-up",
                                                "effect_duration": {
                                                    "unit": "px",
                                                    "size": 600,
                                                    "sizes": []
                                                },
                                                "_box_shadow_box_shadow_type": "yes",
                                                "_box_shadow_box_shadow": {
                                                    "horizontal": 0,
                                                    "vertical": 0,
                                                    "blur": 10,
                                                    "spread": 0,
                                                    "color": "rgba(0, 0, 0, 0.05)"
                                                },
                                                "_box_shadow_hover_box_shadow_type": "yes",
                                                "_box_shadow_hover_box_shadow": {
                                                    "horizontal": 0,
                                                    "vertical": 0,
                                                    "blur": 30,
                                                    "spread": 0,
                                                    "color": "rgba(0, 0, 0, 0.1)"
                                                },
                                                "__globals__": {
                                                    "description_typography_typography": "globals\/typography?id=b2ce6af",
                                                    "content_bg_color": "globals\/colors?id=text",
                                                    "title_color": "globals\/colors?id=639e8dd",
                                                    "description_color": "globals\/colors?id=primary",
                                                    "button_text_color": "globals\/colors?id=text",
                                                    "button_background_color": "globals\/colors?id=d49ac81",
                                                    "button_hover_text_color": "globals\/colors?id=text",
                                                    "button_hover_background_color": "globals\/colors?id=332724a"
                                                }
                                            },
                                            "elements": [],
                                            "isInner": false,
                                            "widgetType": "call-to-action",
                                            "elType": "widget"
                                        }
                                    ],
                                    "isInner": true,
                                    "elType": "column"
                                },
                                {
                                    "id": "33cc0ae6",
                                    "settings": {
                                        "_column_size": 33,
                                        "_inline_size": null
                                    },
                                    "elements": [
                                        {
                                            "id": "c2f6dbe",
                                            "settings": {
                                                "bg_image": {
                                                    "url": "http:\/\/point.moxcreative.com\/populi\/wp-content\/uploads\/sites\/7\/2022\/04\/people-with-placards-and-posters-on-global-strike-for-climate-change-.jpg",
                                                    "id": 480,
                                                    "alt": "People with placards and posters on global strike for climate change.",
                                                    "source": "library"
                                                },
                                                "bg_image_size": "full",
                                                "title": "Climate Change Issues",
                                                "description": "Lorem ipsum dolor sit amet consectetur adipiscing elit dolor",
                                                "title_tag": "h4",
                                                "button": "Learn more",
                                                "link": {
                                                    "url": "#",
                                                    "is_external": "",
                                                    "nofollow": "",
                                                    "custom_attributes": ""
                                                },
                                                "padding": {
                                                    "unit": "em",
                                                    "top": "2",
                                                    "right": "2",
                                                    "bottom": "2",
                                                    "left": "2",
                                                    "isLinked": true
                                                },
                                                "padding_tablet": {
                                                    "unit": "em",
                                                    "top": "2",
                                                    "right": "1",
                                                    "bottom": "2",
                                                    "left": "1",
                                                    "isLinked": false
                                                },
                                                "padding_mobile": {
                                                    "unit": "em",
                                                    "top": "",
                                                    "right": "",
                                                    "bottom": "",
                                                    "left": "",
                                                    "isLinked": true
                                                },
                                                "image_min_height": {
                                                    "unit": "px",
                                                    "size": 300,
                                                    "sizes": []
                                                },
                                                "image_min_height_tablet": {
                                                    "unit": "px",
                                                    "size": 175,
                                                    "sizes": []
                                                },
                                                "image_min_height_mobile": {
                                                    "unit": "px",
                                                    "size": 200,
                                                    "sizes": []
                                                },
                                                "title_spacing": {
                                                    "unit": "px",
                                                    "size": 14,
                                                    "sizes": []
                                                },
                                                "description_spacing": {
                                                    "unit": "px",
                                                    "size": 14,
                                                    "sizes": []
                                                },
                                                "button_size": "md",
                                                "button_border_width": {
                                                    "unit": "px",
                                                    "size": 0,
                                                    "sizes": []
                                                },
                                                "transformation": "move-up",
                                                "effect_duration": {
                                                    "unit": "px",
                                                    "size": 600,
                                                    "sizes": []
                                                },
                                                "_box_shadow_box_shadow_type": "yes",
                                                "_box_shadow_box_shadow": {
                                                    "horizontal": 0,
                                                    "vertical": 0,
                                                    "blur": 10,
                                                    "spread": 0,
                                                    "color": "rgba(0, 0, 0, 0.05)"
                                                },
                                                "_box_shadow_hover_box_shadow_type": "yes",
                                                "_box_shadow_hover_box_shadow": {
                                                    "horizontal": 0,
                                                    "vertical": 0,
                                                    "blur": 30,
                                                    "spread": 0,
                                                    "color": "rgba(0, 0, 0, 0.1)"
                                                },
                                                "__globals__": {
                                                    "description_typography_typography": "globals\/typography?id=b2ce6af",
                                                    "content_bg_color": "globals\/colors?id=text",
                                                    "title_color": "globals\/colors?id=639e8dd",
                                                    "description_color": "globals\/colors?id=primary",
                                                    "button_text_color": "globals\/colors?id=text",
                                                    "button_background_color": "globals\/colors?id=d49ac81",
                                                    "button_hover_text_color": "globals\/colors?id=text",
                                                    "button_hover_background_color": "globals\/colors?id=332724a"
                                                }
                                            },
                                            "elements": [],
                                            "isInner": false,
                                            "widgetType": "call-to-action",
                                            "elType": "widget"
                                        }
                                    ],
                                    "isInner": true,
                                    "elType": "column"
                                },
                                {
                                    "id": "7f9be0a2",
                                    "settings": {
                                        "_column_size": 33,
                                        "_inline_size": null
                                    },
                                    "elements": [
                                        {
                                            "id": "528feac2",
                                            "settings": {
                                                "bg_image": {
                                                    "url": "http:\/\/point.moxcreative.com\/populi\/wp-content\/uploads\/sites\/7\/2022\/04\/modern-companies-encourage-cultural-diversity-in-their-human-resources.jpg",
                                                    "id": 481,
                                                    "alt": "Modern companies encourage cultural diversity in their human resources",
                                                    "source": "library"
                                                },
                                                "bg_image_size": "full",
                                                "title": "Human Right & Law",
                                                "description": "Lorem ipsum dolor sit amet consectetur adipiscing elit dolor",
                                                "title_tag": "h4",
                                                "button": "Learn more",
                                                "link": {
                                                    "url": "#",
                                                    "is_external": "",
                                                    "nofollow": "",
                                                    "custom_attributes": ""
                                                },
                                                "padding": {
                                                    "unit": "em",
                                                    "top": "2",
                                                    "right": "2",
                                                    "bottom": "2",
                                                    "left": "2",
                                                    "isLinked": true
                                                },
                                                "padding_tablet": {
                                                    "unit": "em",
                                                    "top": "2",
                                                    "right": "1",
                                                    "bottom": "2",
                                                    "left": "1",
                                                    "isLinked": false
                                                },
                                                "padding_mobile": {
                                                    "unit": "em",
                                                    "top": "",
                                                    "right": "",
                                                    "bottom": "",
                                                    "left": "",
                                                    "isLinked": true
                                                },
                                                "image_min_height": {
                                                    "unit": "px",
                                                    "size": 300,
                                                    "sizes": []
                                                },
                                                "image_min_height_tablet": {
                                                    "unit": "px",
                                                    "size": 175,
                                                    "sizes": []
                                                },
                                                "image_min_height_mobile": {
                                                    "unit": "px",
                                                    "size": 200,
                                                    "sizes": []
                                                },
                                                "title_spacing": {
                                                    "unit": "px",
                                                    "size": 14,
                                                    "sizes": []
                                                },
                                                "description_spacing": {
                                                    "unit": "px",
                                                    "size": 14,
                                                    "sizes": []
                                                },
                                                "button_size": "md",
                                                "button_border_width": {
                                                    "unit": "px",
                                                    "size": 0,
                                                    "sizes": []
                                                },
                                                "transformation": "move-up",
                                                "effect_duration": {
                                                    "unit": "px",
                                                    "size": 600,
                                                    "sizes": []
                                                },
                                                "_box_shadow_box_shadow_type": "yes",
                                                "_box_shadow_box_shadow": {
                                                    "horizontal": 0,
                                                    "vertical": 0,
                                                    "blur": 10,
                                                    "spread": 0,
                                                    "color": "rgba(0, 0, 0, 0.05)"
                                                },
                                                "_box_shadow_hover_box_shadow_type": "yes",
                                                "_box_shadow_hover_box_shadow": {
                                                    "horizontal": 0,
                                                    "vertical": 0,
                                                    "blur": 30,
                                                    "spread": 0,
                                                    "color": "rgba(0, 0, 0, 0.1)"
                                                },
                                                "__globals__": {
                                                    "description_typography_typography": "globals\/typography?id=b2ce6af",
                                                    "content_bg_color": "globals\/colors?id=text",
                                                    "title_color": "globals\/colors?id=639e8dd",
                                                    "description_color": "globals\/colors?id=primary",
                                                    "button_text_color": "globals\/colors?id=text",
                                                    "button_background_color": "globals\/colors?id=d49ac81",
                                                    "button_hover_text_color": "globals\/colors?id=text",
                                                    "button_hover_background_color": "globals\/colors?id=332724a"
                                                }
                                            },
                                            "elements": [],
                                            "isInner": false,
                                            "widgetType": "call-to-action",
                                            "elType": "widget"
                                        }
                                    ],
                                    "isInner": true,
                                    "elType": "column"
                                }
                            ],
                            "isInner": true,
                            "elType": "section"
                        }
                    ],
                    "isInner": false,
                    "elType": "column"
                }
            ],
            "isInner": false,
            "elType": "section"
        },
        {
            "id": "4dd5af25",
            "settings": {
                "background_background": "classic",
                "background_overlay_background": "classic",
                "background_overlay_image": {
                    "url": "http:\/\/point.moxcreative.com\/populi\/wp-content\/uploads\/sites\/7\/2022\/04\/political-speech.jpg",
                    "id": 63,
                    "alt": "Political speech",
                    "source": "library"
                },
                "background_overlay_position": "center center",
                "background_overlay_repeat": "no-repeat",
                "background_overlay_size": "cover",
                "padding": {
                    "unit": "em",
                    "top": "0",
                    "right": "0",
                    "bottom": "0",
                    "left": "0",
                    "isLinked": true
                },
                "padding_tablet": {
                    "unit": "em",
                    "top": "",
                    "right": "",
                    "bottom": "",
                    "left": "",
                    "isLinked": true
                },
                "padding_mobile": {
                    "unit": "em",
                    "top": "",
                    "right": "",
                    "bottom": "",
                    "left": "",
                    "isLinked": true
                },
                "__globals__": {
                    "background_color": "globals\/colors?id=044b931"
                }
            },
            "elements": [
                {
                    "id": "6595e8b9",
                    "settings": {
                        "_column_size": 100,
                        "_inline_size": null,
                        "background_background": "classic",
                        "margin": {
                            "unit": "%",
                            "top": "0",
                            "right": "0",
                            "bottom": "0",
                            "left": "50",
                            "isLinked": false
                        },
                        "margin_tablet": {
                            "unit": "%",
                            "top": "",
                            "right": "",
                            "bottom": "",
                            "left": "",
                            "isLinked": true
                        },
                        "margin_mobile": {
                            "unit": "%",
                            "top": "0",
                            "right": "0",
                            "bottom": "0",
                            "left": "0",
                            "isLinked": false
                        },
                        "padding": {
                            "unit": "em",
                            "top": "4",
                            "right": "4",
                            "bottom": "4",
                            "left": "4",
                            "isLinked": true
                        },
                        "padding_tablet": {
                            "unit": "em",
                            "top": "3",
                            "right": "3",
                            "bottom": "3",
                            "left": "3",
                            "isLinked": true
                        },
                        "padding_mobile": {
                            "unit": "em",
                            "top": "2",
                            "right": "2",
                            "bottom": "2",
                            "left": "2",
                            "isLinked": true
                        },
                        "__globals__": {
                            "background_color": "globals\/colors?id=639e8dd"
                        }
                    },
                    "elements": [
                        {
                            "id": "44b74cfa",
                            "settings": {
                                "title": "Why Choose Us",
                                "header_size": "h6",
                                "_animation": "fadeInUp",
                                "__globals__": {
                                    "title_color": "globals\/colors?id=text"
                                }
                            },
                            "elements": [],
                            "isInner": false,
                            "widgetType": "heading",
                            "elType": "widget"
                        },
                        {
                            "id": "5f6a36f3",
                            "settings": {
                                "title": "If you want a better future, Vote for us",
                                "_animation": "fadeInDown",
                                "__globals__": {
                                    "title_color": "globals\/colors?id=text"
                                }
                            },
                            "elements": [],
                            "isInner": false,
                            "widgetType": "heading",
                            "elType": "widget"
                        },
                        {
                            "id": "68777149",
                            "settings": {
                                "_animation": "fadeInRight",
                                "__globals__": {
                                    "text_color": "globals\/colors?id=text"
                                }
                            },
                            "elements": [],
                            "isInner": false,
                            "widgetType": "text-editor",
                            "elType": "widget"
                        },
                        {
                            "id": "79d58e1e",
                            "settings": {
                                "selected_icon": {
                                    "value": "fas fa-check-circle",
                                    "library": "fa-solid"
                                },
                                "view": "stacked",
                                "title_text": "Experienced & Professional",
                                "description_text": "Lorem ipsum dolor sit amet, consectetur adipiscing elit. Ut elit tellus, luctus nec ullamcorper mattis, pulvinar dapibus leo.",
                                "position": "left",
                                "title_size": "h4",
                                "icon_size": {
                                    "unit": "px",
                                    "size": 28,
                                    "sizes": []
                                },
                                "title_bottom_space": {
                                    "unit": "px",
                                    "size": 7,
                                    "sizes": []
                                },
                                "_animation": "fadeInRight",
                                "_animation_delay": 240,
                                "__globals__": {
                                    "primary_color": "globals\/colors?id=accent",
                                    "secondary_color": "globals\/colors?id=text",
                                    "title_color": "globals\/colors?id=text",
                                    "description_color": "globals\/colors?id=text",
                                    "description_typography_typography": "globals\/typography?id=b2ce6af"
                                }
                            },
                            "elements": [],
                            "isInner": false,
                            "widgetType": "icon-box",
                            "elType": "widget"
                        },
                        {
                            "id": "3c75add2",
                            "settings": {
                                "selected_icon": {
                                    "value": "fas fa-check-circle",
                                    "library": "fa-solid"
                                },
                                "view": "stacked",
                                "title_text": "Strong vision",
                                "description_text": "Lorem ipsum dolor sit amet, consectetur adipiscing elit. Ut elit tellus, luctus nec ullamcorper mattis, pulvinar dapibus leo.",
                                "position": "left",
                                "title_size": "h4",
                                "icon_size": {
                                    "unit": "px",
                                    "size": 28,
                                    "sizes": []
                                },
                                "title_bottom_space": {
                                    "unit": "px",
                                    "size": 7,
                                    "sizes": []
                                },
                                "_animation": "fadeInRight",
                                "_animation_delay": 480,
                                "__globals__": {
                                    "primary_color": "globals\/colors?id=accent",
                                    "secondary_color": "globals\/colors?id=text",
                                    "title_color": "globals\/colors?id=text",
                                    "description_color": "globals\/colors?id=text",
                                    "description_typography_typography": "globals\/typography?id=b2ce6af"
                                }
                            },
                            "elements": [],
                            "isInner": false,
                            "widgetType": "icon-box",
                            "elType": "widget"
                        },
                        {
                            "id": "2eceede9",
                            "settings": {
                                "selected_icon": {
                                    "value": "fas fa-check-circle",
                                    "library": "fa-solid"
                                },
                                "view": "stacked",
                                "title_text": "Honesty & Transparency",
                                "description_text": "Lorem ipsum dolor sit amet, consectetur adipiscing elit. Ut elit tellus, luctus nec ullamcorper mattis, pulvinar dapibus leo.",
                                "position": "left",
                                "title_size": "h4",
                                "icon_size": {
                                    "unit": "px",
                                    "size": 28,
                                    "sizes": []
                                },
                                "title_bottom_space": {
                                    "unit": "px",
                                    "size": 7,
                                    "sizes": []
                                },
                                "_animation": "fadeInRight",
                                "_animation_delay": 600,
                                "__globals__": {
                                    "primary_color": "globals\/colors?id=accent",
                                    "secondary_color": "globals\/colors?id=text",
                                    "title_color": "globals\/colors?id=text",
                                    "description_color": "globals\/colors?id=text",
                                    "description_typography_typography": "globals\/typography?id=b2ce6af"
                                }
                            },
                            "elements": [],
                            "isInner": false,
                            "widgetType": "icon-box",
                            "elType": "widget"
                        }
                    ],
                    "isInner": false,
                    "elType": "column"
                }
            ],
            "isInner": false,
            "elType": "section"
        },
        {
            "id": "4fb437",
            "settings": {
                "background_background": "classic",
                "padding": {
                    "unit": "em",
                    "top": "7",
                    "right": "0",
                    "bottom": "7",
                    "left": "0",
                    "isLinked": false
                },
                "padding_tablet": {
                    "unit": "em",
                    "top": "3",
                    "right": "2",
                    "bottom": "3",
                    "left": "2",
                    "isLinked": false
                },
                "padding_mobile": {
                    "unit": "em",
                    "top": "2",
                    "right": "0",
                    "bottom": "2",
                    "left": "0",
                    "isLinked": false
                },
                "__globals__": {
                    "background_color": ""
                }
            },
            "elements": [
                {
                    "id": "7c3e4ffb",
                    "settings": {
                        "_column_size": 100,
                        "_inline_size": null
                    },
                    "elements": [
                        {
                            "id": "364bbedf",
                            "settings": {
                                "title": "Related Article",
                                "_animation": "fadeInUp"
                            },
                            "elements": [],
                            "isInner": false,
                            "widgetType": "heading",
                            "elType": "widget"
                        },
                        {
                            "id": "222d9ae5",
                            "settings": {
                                "width": {
                                    "unit": "px",
                                    "size": 50,
                                    "sizes": []
                                },
                                "width_tablet": {
                                    "unit": "px",
                                    "size": "",
                                    "sizes": []
                                },
                                "width_mobile": {
                                    "unit": "px",
                                    "size": "",
                                    "sizes": []
                                },
                                "text": "Divider",
                                "weight": {
                                    "unit": "px",
                                    "size": 4,
                                    "sizes": []
                                },
                                "gap": {
                                    "unit": "px",
                                    "size": 7,
                                    "sizes": []
                                },
                                "__globals__": {
                                    "color": "globals\/colors?id=df5eae3"
                                }
                            },
                            "elements": [],
                            "isInner": false,
                            "widgetType": "divider",
                            "elType": "widget"
                        },
                        {
                            "id": "29e55f55",
                            "settings": {
                                "classic_columns": "4",
                                "classic_posts_per_page": 4,
                                "classic_thumbnail_size_size": "full",
                                "classic_item_ratio_mobile": {
                                    "unit": "px",
                                    "size": 0.66000000000000003108624468950438313186168670654296875,
                                    "sizes": []
                                },
                                "classic_title_tag": "div",
                                "classic_show_excerpt": "",
                                "classic_meta_separator": ".",
                                "classic_show_read_more": "",
                                "classic_read_more_text": "Read More \u00bb",
                                "cards_meta_separator": "\u2022",
                                "cards_read_more_text": "Read More \u00bb",
                                "full_content_meta_separator": "\/\/\/",
                                "classic_column_gap": {
                                    "unit": "px",
                                    "size": 21,
                                    "sizes": []
                                },
                                "classic_row_gap": {
                                    "unit": "px",
                                    "size": 21,
                                    "sizes": []
                                },
                                "classic_content_padding": {
                                    "unit": "px",
                                    "top": "28",
                                    "right": "28",
                                    "bottom": "28",
                                    "left": "28",
                                    "isLinked": true
                                },
                                "classic_content_padding_mobile": {
                                    "unit": "px",
                                    "top": "21",
                                    "right": "21",
                                    "bottom": "21",
                                    "left": "21",
                                    "isLinked": true
                                },
                                "classic_image_spacing": {
                                    "unit": "px",
                                    "size": 0,
                                    "sizes": []
                                },
                                "classic_title_spacing": {
                                    "unit": "px",
                                    "size": 14,
                                    "sizes": []
                                },
                                "classic_meta_spacing": {
                                    "unit": "px",
                                    "size": 0,
                                    "sizes": []
                                },
                                "pagination_page_limit": "5",
                                "pagination_prev_label": "&laquo; Previous",
                                "pagination_next_label": "Next &raquo;",
                                "text": "Load More",
                                "load_more_no_posts_custom_message": "No more posts to show",
                                "_animation": "fadeIn",
                                "__globals__": {
                                    "classic_box_bg_color": "globals\/colors?id=cfa1f76",
                                    "classic_title_typography_typography": "globals\/typography?id=83682a1",
                                    "classic_meta_typography_typography": "globals\/typography?id=69c152f"
                                }
                            },
                            "elements": [],
                            "isInner": false,
                            "widgetType": "posts",
                            "elType": "widget"
                        }
                    ],
                    "isInner": false,
                    "elType": "column"
                }
            ],
            "isInner": false,
            "elType": "section"
        }
    ]
}